// Automatisch erzeugt von esp32/tools/make_font.py – nicht von Hand aendern.
// Quelle: arialbd.ttf
#pragma once
#include <stdint.h>

struct FontGlyph { uint16_t cp; uint8_t w, h; int8_t xoff, yoff; uint8_t adv; uint32_t off; };
struct BitmapFont { uint8_t height; uint8_t ascent; uint16_t count; const FontGlyph* glyphs; const uint8_t* bits; };

static const uint8_t FONT_L_BITS[] = {
    0x0F, 0xC0, 0x0F, 0xC0, 0x0F, 0xC0, 0x0F, 0xC0, 0x0F, 0xC0, 0x0F, 0xC0, 0x0F, 0xC0, 0x0F, 0xC0, 0x0F, 0xC0, 0x0F, 0xC0, 0x0F, 0xC0, 0x0F, 0xC0,
    0x0F, 0xC0, 0x07, 0xC0, 0x07, 0xC0, 0x07, 0xC0, 0x07, 0xC0, 0x07, 0xC0, 0x07, 0x80, 0x07, 0x80, 0x07, 0x80, 0x07, 0x80, 0x07, 0x80, 0x07, 0x80,
    0x00, 0x00, 0x00, 0x00, 0x0F, 0xC0, 0x0F, 0xC0, 0x0F, 0xC0, 0x0F, 0xC0, 0x0F, 0xC0, 0x0F, 0xC0, 0x3F, 0x8F, 0xE0, 0x3F, 0x8F, 0xE0, 0x3F, 0x8F,
    0xE0, 0x3F, 0x8F, 0xE0, 0x3F, 0x8F, 0xE0, 0x3F, 0x8F, 0xE0, 0x1F, 0x8F, 0xC0, 0x1F, 0x87, 0xC0, 0x1F, 0x07, 0xC0, 0x1F, 0x07, 0xC0, 0x1F, 0x07,
    0xC0, 0x00, 0x00, 0x00, 0x00, 0x00, 0x00, 0x00, 0x00, 0x00, 0x00, 0x00, 0x00, 0x00, 0x00, 0x00, 0x00, 0x00, 0x00, 0x00, 0x00, 0x00, 0x00, 0x00,
    0x00, 0x00, 0x00, 0x00, 0x00, 0x00, 0x00, 0x00, 0x00, 0x00, 0x00, 0x00, 0x00, 0x00, 0x00, 0x00, 0x00, 0x00, 0x00, 0x00, 0x00, 0x00, 0x00, 0x00,
    0x00, 0x00, 0x00, 0x00, 0x00, 0x00, 0x00, 0x00, 0x00, 0x00, 0x00, 0x00, 0x00, 0x00, 0x00, 0x00, 0x00, 0xF8, 0x3E, 0x00, 0xF8, 0x7C, 0x00, 0xF0,
    0x7C, 0x01, 0xF0, 0x7C, 0x01, 0xF0, 0x7C, 0x01, 0xF0, 0x7C, 0x01, 0xF0, 0xF8, 0x01, 0xE0, 0xF8, 0xFF, 0xFF, 0xFF, 0xFF, 0xFF, 0xFF, 0xFF, 0xFF,
    0xFF, 0xFF, 0xFF, 0xFF, 0xFF, 0xFF, 0xFF, 0x07, 0xC1, 0xF0, 0x07, 0xC1, 0xF0, 0x07, 0xC1, 0xE0, 0x07, 0xC3, 0xE0, 0x07, 0x83, 0xE0, 0x0F, 0x83,
    0xE0, 0xFF, 0xFF, 0xFF, 0xFF, 0xFF, 0xFF, 0xFF, 0xFF, 0xFF, 0xFF, 0xFF, 0xFF, 0xFF, 0xFF, 0xFF, 0x1F, 0x07, 0xC0, 0x1F, 0x07, 0x80, 0x1F, 0x0F,
    0x80, 0x1E, 0x0F, 0x80, 0x3E, 0x0F, 0x80, 0x3E, 0x0F, 0x80, 0x3E, 0x0F, 0x00, 0x3E, 0x1F, 0x00, 0x00, 0x1C, 0x00, 0x00, 0x1C, 0x00, 0x00, 0xFF,
    0x00, 0x03, 0xFF, 0xC0, 0x07, 0xFF, 0xE0, 0x0F, 0xFF, 0xF0, 0x1F, 0xFF, 0xF0, 0x1F, 0xFF, 0xF8, 0x1F, 0x1D, 0xF8, 0x3F, 0x1C, 0xFC, 0x3F, 0x1C,
    0xE0, 0x3F, 0x1C, 0x00, 0x1F, 0x1C, 0x00, 0x1F, 0xBC, 0x00, 0x1F, 0xFC, 0x00, 0x0F, 0xFE, 0x00, 0x0F, 0xFF, 0x80, 0x07, 0xFF, 0xE0, 0x01, 0xFF,
    0xF0, 0x00, 0x7F, 0xF8, 0x00, 0x3F, 0xFC, 0x00, 0x1D, 0xFC, 0x00, 0x1C, 0xFC, 0x00, 0x1C, 0x7C, 0x0E, 0x1C, 0x7C, 0x3F, 0x1C, 0x7C, 0x3F, 0x1C,
    0x7C, 0x3F, 0x9C, 0xFC, 0x1F, 0xFD, 0xFC, 0x1F, 0xFF, 0xF8, 0x0F, 0xFF, 0xF0, 0x07, 0xFF, 0xE0, 0x03, 0xFF, 0xC0, 0x00, 0xFF, 0x00, 0x00, 0x1C,
    0x00, 0x00, 0x1C, 0x00, 0x00, 0x1C, 0x00, 0x00, 0x1C, 0x00, 0x03, 0xF0, 0x00, 0x7C, 0x00, 0x0F, 0xF8, 0x00, 0x78, 0x00, 0x1F, 0xFC, 0x00, 0xF8,
    0x00, 0x1F, 0x3E, 0x00, 0xF0, 0x00, 0x3E, 0x1E, 0x01, 0xF0, 0x00, 0x3E, 0x1F, 0x01, 0xE0, 0x00, 0x3E, 0x1F, 0x03, 0xE0, 0x00, 0x3E, 0x1F, 0x03,
    0xC0, 0x00, 0x3E, 0x1F, 0x07, 0xC0, 0x00, 0x3E, 0x1F, 0x07, 0x80, 0x00, 0x3E, 0x1F, 0x0F, 0x80, 0x00, 0x3E, 0x1E, 0x0F, 0x00, 0x00, 0x1F, 0x3E,
    0x1F, 0x00, 0x00, 0x1F, 0xFC, 0x1E, 0x00, 0x00, 0x0F, 0xF8, 0x3E, 0x00, 0x00, 0x03, 0xF0, 0x3C, 0x00, 0x00, 0x00, 0x00, 0x7C, 0x00, 0x00, 0x00,
    0x00, 0x78, 0x1F, 0x80, 0x00, 0x00, 0xF8, 0x3F, 0xE0, 0x00, 0x00, 0xF0, 0x7F, 0xF0, 0x00, 0x01, 0xF0, 0xF9, 0xF0, 0x00, 0x01, 0xE0, 0xF0, 0xF8,
    0x00, 0x03, 0xE1, 0xF0, 0xF8, 0x00, 0x03, 0xC1, 0xF0, 0xF8, 0x00, 0x07, 0xC1, 0xF0, 0xF8, 0x00, 0x07, 0x81, 0xF0, 0xF8, 0x00, 0x0F, 0x81, 0xF0,
    0xF8, 0x00, 0x0F, 0x01, 0xF0, 0xF8, 0x00, 0x1F, 0x00, 0xF0, 0xF8, 0x00, 0x1E, 0x00, 0xF9, 0xF0, 0x00, 0x3E, 0x00, 0x7F, 0xF0, 0x00, 0x3C, 0x00,
    0x3F, 0xE0, 0x00, 0x7C, 0x00, 0x1F, 0x80, 0x00, 0x1F, 0xC0, 0x00, 0x00, 0x7F, 0xF0, 0x00, 0x00, 0xFF, 0xF8, 0x00, 0x01, 0xFF, 0xFC, 0x00, 0x03,
    0xFF, 0xFE, 0x00, 0x03, 0xF8, 0x7E, 0x00, 0x03, 0xF0, 0x3E, 0x00, 0x03, 0xF0, 0x3E, 0x00, 0x03, 0xF0, 0x3E, 0x00, 0x03, 0xF8, 0x7E, 0x00, 0x01,
    0xFC, 0xFC, 0x00, 0x01, 0xFF, 0xFC, 0x00, 0x00, 0xFF, 0xF8, 0x00, 0x00, 0x7F, 0xF0, 0x00, 0x00, 0xFF, 0xC0, 0x00, 0x03, 0xFF, 0xC0, 0x00, 0x07,
    0xFF, 0xE0, 0x00, 0x0F, 0xFF, 0xF1, 0xC0, 0x1F, 0xE7, 0xF9, 0xF8, 0x1F, 0xC3, 0xFB, 0xF0, 0x3F, 0x81, 0xFF, 0xF0, 0x3F, 0x00, 0xFF, 0xF0, 0x3F,
    0x00, 0xFF, 0xE0, 0x3F, 0x00, 0x7F, 0xE0, 0x3F, 0x00, 0x3F, 0xE0, 0x3F, 0x80, 0x7F, 0xF0, 0x1F, 0xC1, 0xFF, 0xF8, 0x1F, 0xFF, 0xFF, 0xFE, 0x0F,
    0xFF, 0xFF, 0xFC, 0x07, 0xFF, 0xF9, 0xF8, 0x03, 0xFF, 0xF0, 0x78, 0x00, 0x7F, 0x80, 0x10, 0x3F, 0x80, 0x3F, 0x80, 0x3F, 0x80, 0x3F, 0x80, 0x3F,
    0x80, 0x3F, 0x00, 0x3F, 0x00, 0x3F, 0x00, 0x1F, 0x00, 0x1F, 0x00, 0x1F, 0x00, 0x00, 0x00, 0x00, 0x00, 0x00, 0x00, 0x00, 0x00, 0x00, 0x00, 0x00,
    0x00, 0x00, 0x00, 0x00, 0x00, 0x00, 0x00, 0x00, 0x00, 0x00, 0x00, 0x00, 0x00, 0x00, 0x00, 0x00, 0x00, 0x00, 0x00, 0x00, 0x00, 0x00, 0x00, 0x00,
    0x00, 0x00, 0x00, 0x00, 0x00, 0x00, 0x00, 0x00, 0x78, 0x00, 0xF8, 0x00, 0xF0, 0x01, 0xF0, 0x03, 0xE0, 0x03, 0xE0, 0x07, 0xE0, 0x07, 0xC0, 0x07,
    0xC0, 0x0F, 0xC0, 0x0F, 0x80, 0x0F, 0x80, 0x1F, 0x80, 0x1F, 0x80, 0x1F, 0x80, 0x1F, 0x00, 0x1F, 0x00, 0x3F, 0x00, 0x3F, 0x00, 0x3F, 0x00, 0x3F,
    0x00, 0x3F, 0x00, 0x3F, 0x00, 0x3F, 0x00, 0x1F, 0x00, 0x1F, 0x00, 0x1F, 0x80, 0x1F, 0x80, 0x1F, 0x80, 0x0F, 0x80, 0x0F, 0x80, 0x0F, 0xC0, 0x07,
    0xC0, 0x07, 0xC0, 0x07, 0xC0, 0x03, 0xE0, 0x03, 0xE0, 0x01, 0xF0, 0x01, 0xF0, 0x00, 0xF0, 0x00, 0x78, 0x3C, 0x00, 0x3E, 0x00, 0x1E, 0x00, 0x1F,
    0x00, 0x1F, 0x00, 0x0F, 0x80, 0x0F, 0x80, 0x0F, 0xC0, 0x07, 0xC0, 0x07, 0xC0, 0x07, 0xE0, 0x03, 0xE0, 0x03, 0xE0, 0x03, 0xF0, 0x03, 0xF0, 0x03,
    0xF0, 0x03, 0xF0, 0x03, 0xF0, 0x01, 0xF0, 0x01, 0xF0, 0x01, 0xF0, 0x01, 0xF0, 0x01, 0xF0, 0x03, 0xF0, 0x03, 0xF0, 0x03, 0xF0, 0x03, 0xF0, 0x03,
    0xE0, 0x03, 0xE0, 0x03, 0xE0, 0x07, 0xE0, 0x07, 0xC0, 0x07, 0xC0, 0x07, 0xC0, 0x0F, 0x80, 0x0F, 0x80, 0x1F, 0x00, 0x1F, 0x00, 0x1E, 0x00, 0x3E,
    0x00, 0x3C, 0x00, 0x03, 0xC0, 0x00, 0x03, 0xC0, 0x00, 0x01, 0xC0, 0x00, 0x21, 0xC2, 0x00, 0x79, 0xCE, 0x00, 0x7F, 0xFF, 0x00, 0x7F, 0xFF, 0x00,
    0x1F, 0xFC, 0x00, 0x03, 0xE0, 0x00, 0x07, 0xF0, 0x00, 0x0F, 0x78, 0x00, 0x1E, 0x7C, 0x00, 0x3E, 0x3C, 0x00, 0x1C, 0x38, 0x00, 0x04, 0x10, 0x00,
    0x00, 0x00, 0x00, 0x00, 0x00, 0x00, 0x00, 0x00, 0x00, 0x00, 0x00, 0x00, 0x00, 0x00, 0x00, 0x00, 0x00, 0x00, 0x00, 0x00, 0x00, 0x00, 0x00, 0x00,
    0x00, 0x00, 0x00, 0x00, 0x00, 0x00, 0x00, 0x00, 0x00, 0x00, 0x00, 0x00, 0x00, 0x00, 0x00, 0x00, 0x00, 0x00, 0x00, 0x00, 0x00, 0x00, 0x00, 0x00,
    0x00, 0x00, 0x00, 0x00, 0x3F, 0x00, 0x00, 0x00, 0x3F, 0x00, 0x00, 0x00, 0x3F, 0x00, 0x00, 0x00, 0x3F, 0x00, 0x00, 0x00, 0x3F, 0x00, 0x00, 0x00,
    0x3F, 0x00, 0x00, 0x00, 0x3F, 0x00, 0x00, 0x00, 0x3F, 0x00, 0x00, 0x3F, 0xFF, 0xFF, 0x00, 0x3F, 0xFF, 0xFF, 0x00, 0x3F, 0xFF, 0xFF, 0x00, 0x3F,
    0xFF, 0xFF, 0x00, 0x3F, 0xFF, 0xFF, 0x00, 0x00, 0x3F, 0x00, 0x00, 0x00, 0x3F, 0x00, 0x00, 0x00, 0x3F, 0x00, 0x00, 0x00, 0x3F, 0x00, 0x00, 0x00,
    0x3F, 0x00, 0x00, 0x00, 0x3F, 0x00, 0x00, 0x00, 0x3F, 0x00, 0x00, 0x00, 0x3F, 0x00, 0x00, 0x00, 0x00, 0x00, 0x00, 0x00, 0x00, 0x00, 0x00, 0x00,
    0x00, 0x00, 0x00, 0x00, 0x00, 0x00, 0x00, 0x00, 0x00, 0x00, 0x00, 0x1F, 0x80, 0x1F, 0x80, 0x1F, 0x80, 0x1F, 0x80, 0x1F, 0x80, 0x1F, 0x80, 0x03,
    0x80, 0x03, 0x80, 0x07, 0x80, 0x0F, 0x00, 0x1E, 0x00, 0x1C, 0x00, 0x08, 0x00, 0x3F, 0xFC, 0x3F, 0xFC, 0x3F, 0xFC, 0x3F, 0xFC, 0x3F, 0xFC, 0x00,
    0x00, 0x00, 0x00, 0x00, 0x00, 0x00, 0x00, 0x00, 0x00, 0x00, 0x00, 0x00, 0x00, 0x00, 0x00, 0x1F, 0x80, 0x1F, 0x80, 0x1F, 0x80, 0x1F, 0x80, 0x1F,
    0x80, 0x1F, 0x80, 0x00, 0x78, 0x00, 0xF8, 0x00, 0xF8, 0x00, 0xF0, 0x00, 0xF0, 0x01, 0xF0, 0x01, 0xF0, 0x01, 0xE0, 0x01, 0xE0, 0x03, 0xE0, 0x03,
    0xE0, 0x03, 0xC0, 0x03, 0xC0, 0x07, 0xC0, 0x07, 0xC0, 0x07, 0x80, 0x07, 0x80, 0x0F, 0x80, 0x0F, 0x80, 0x0F, 0x00, 0x0F, 0x00, 0x1F, 0x00, 0x1F,
    0x00, 0x1E, 0x00, 0x1E, 0x00, 0x1E, 0x00, 0x3E, 0x00, 0x3C, 0x00, 0x3C, 0x00, 0x3C, 0x00, 0x7C, 0x00, 0x7C, 0x00, 0x00, 0x7E, 0x00, 0x01, 0xFF,
    0x80, 0x03, 0xFF, 0xC0, 0x07, 0xFF, 0xE0, 0x0F, 0xFF, 0xF0, 0x0F, 0xC3, 0xF8, 0x1F, 0x81, 0xF8, 0x1F, 0x81, 0xF8, 0x1F, 0x81, 0xFC, 0x3F, 0x80,
    0xFC, 0x3F, 0x00, 0xFC, 0x3F, 0x00, 0xFC, 0x3F, 0x00, 0xFC, 0x3F, 0x00, 0xFC, 0x3F, 0x00, 0xFC, 0x3F, 0x00, 0xFC, 0x3F, 0x00, 0xFC, 0x3F, 0x00,
    0xFC, 0x3F, 0x00, 0xFC, 0x3F, 0x00, 0xFC, 0x3F, 0x00, 0xFC, 0x3F, 0x00, 0xFC, 0x3F, 0x80, 0xFC, 0x1F, 0x81, 0xFC, 0x1F, 0x81, 0xF8, 0x1F, 0x81,
    0xF8, 0x1F, 0xC3, 0xF8, 0x0F, 0xFF, 0xF0, 0x07, 0xFF, 0xE0, 0x03, 0xFF, 0xC0, 0x01, 0xFF, 0x80, 0x00, 0x7E, 0x00, 0x00, 0x0F, 0x80, 0x00, 0x0F,
    0x80, 0x00, 0x1F, 0x80, 0x00, 0x3F, 0x80, 0x00, 0x7F, 0x80, 0x00, 0xFF, 0x80, 0x01, 0xFF, 0x80, 0x07, 0xFF, 0x80, 0x1F, 0xFF, 0x80, 0x1F, 0xDF,
    0x80, 0x1F, 0x9F, 0x80, 0x1E, 0x1F, 0x80, 0x08, 0x1F, 0x80, 0x00, 0x1F, 0x80, 0x00, 0x1F, 0x80, 0x00, 0x1F, 0x80, 0x00, 0x1F, 0x80, 0x00, 0x1F,
    0x80, 0x00, 0x1F, 0x80, 0x00, 0x1F, 0x80, 0x00, 0x1F, 0x80, 0x00, 0x1F, 0x80, 0x00, 0x1F, 0x80, 0x00, 0x1F, 0x80, 0x00, 0x1F, 0x80, 0x00, 0x1F,
    0x80, 0x00, 0x1F, 0x80, 0x00, 0x1F, 0x80, 0x00, 0x1F, 0x80, 0x00, 0x1F, 0x80, 0x00, 0x1F, 0x80, 0x00, 0x1F, 0x80, 0x00, 0x7F, 0x00, 0x03, 0xFF,
    0xC0, 0x07, 0xFF, 0xF0, 0x0F, 0xFF, 0xF0, 0x1F, 0xFF, 0xF8, 0x1F, 0xC3, 0xFC, 0x3F, 0x81, 0xFC, 0x3F, 0x00, 0xFC, 0x3F, 0x00, 0xFC, 0x1F, 0x00,
    0xFC, 0x00, 0x00, 0xFC, 0x00, 0x00, 0xFC, 0x00, 0x01, 0xFC, 0x00, 0x01, 0xF8, 0x00, 0x03, 0xF8, 0x00, 0x07, 0xF0, 0x00, 0x0F, 0xE0, 0x00, 0x1F,
    0xC0, 0x00, 0x3F, 0xC0, 0x00, 0x7F, 0x80, 0x00, 0xFF, 0x00, 0x01, 0xFC, 0x00, 0x03, 0xF8, 0x00, 0x07, 0xF0, 0x00, 0x0F, 0xE0, 0x00, 0x1F, 0xE0,
    0x00, 0x1F, 0xFF, 0xFC, 0x3F, 0xFF, 0xFC, 0x3F, 0xFF, 0xFC, 0x3F, 0xFF, 0xFC, 0x7F, 0xFF, 0xFC, 0x7F, 0xFF, 0xFC, 0x00, 0x7E, 0x00, 0x03, 0xFF,
    0x80, 0x07, 0xFF, 0xE0, 0x0F, 0xFF, 0xF0, 0x1F, 0xFF, 0xF0, 0x1F, 0xC3, 0xF8, 0x1F, 0x81, 0xF8, 0x3F, 0x01, 0xF8, 0x07, 0x01, 0xF8, 0x00, 0x01,
    0xF8, 0x00, 0x03, 0xF8, 0x00, 0x07, 0xF0, 0x00, 0x3F, 0xE0, 0x00, 0x3F, 0xC0, 0x00, 0x3F, 0x80, 0x00, 0x3F, 0xE0, 0x00, 0x3F, 0xF0, 0x00, 0x03,
    0xF8, 0x00, 0x01, 0xFC, 0x00, 0x00, 0xFC, 0x00, 0x00, 0xFC, 0x00, 0x00, 0xFE, 0x0F, 0x00, 0xFE, 0x3F, 0x00, 0xFC, 0x3F, 0x00, 0xFC, 0x3F, 0x81,
    0xFC, 0x1F, 0xC3, 0xF8, 0x1F, 0xFF, 0xF8, 0x0F, 0xFF, 0xF0, 0x07, 0xFF, 0xE0, 0x03, 0xFF, 0xC0, 0x00, 0x7E, 0x00, 0x00, 0x03, 0xF0, 0x00, 0x03,
    0xF0, 0x00, 0x07, 0xF0, 0x00, 0x0F, 0xF0, 0x00, 0x0F, 0xF0, 0x00, 0x1F, 0xF0, 0x00, 0x3F, 0xF0, 0x00, 0x3F, 0xF0, 0x00, 0x7F, 0xF0, 0x00, 0xFF,
    0xF0, 0x00, 0xFF, 0xF0, 0x01, 0xFB, 0xF0, 0x03, 0xF3, 0xF0, 0x03, 0xE3, 0xF0, 0x07, 0xE3, 0xF0, 0x0F, 0xC3, 0xF0, 0x0F, 0x83, 0xF0, 0x1F, 0x83,
    0xF0, 0x3F, 0x03, 0xF0, 0x3E, 0x03, 0xF0, 0x7E, 0x03, 0xF0, 0x7F, 0xFF, 0xFE, 0x7F, 0xFF, 0xFE, 0x7F, 0xFF, 0xFE, 0x7F, 0xFF, 0xFE, 0x7F, 0xFF,
    0xFE, 0x00, 0x03, 0xF0, 0x00, 0x03, 0xF0, 0x00, 0x03, 0xF0, 0x00, 0x03, 0xF0, 0x00, 0x03, 0xF0, 0x00, 0x03, 0xF0, 0x03, 0xFF, 0xFC, 0x07, 0xFF,
    0xFC, 0x07, 0xFF, 0xFC, 0x07, 0xFF, 0xFC, 0x07, 0xFF, 0xFC, 0x07, 0xFF, 0xFC, 0x07, 0xC0, 0x00, 0x0F, 0xC0, 0x00, 0x0F, 0xC0, 0x00, 0x0F, 0xC0,
    0x00, 0x0F, 0xDF, 0x00, 0x0F, 0xFF, 0xE0, 0x1F, 0xFF, 0xF0, 0x1F, 0xFF, 0xF8, 0x1F, 0xFF, 0xF8, 0x1F, 0xC3, 0xFC, 0x0F, 0x00, 0xFC, 0x00, 0x00,
    0xFE, 0x00, 0x00, 0x7E, 0x00, 0x00, 0x7E, 0x00, 0x00, 0x7E, 0x00, 0x00, 0x7E, 0x0F, 0x00, 0x7E, 0x3F, 0x00, 0x7E, 0x3F, 0x80, 0xFE, 0x1F, 0x80,
    0xFC, 0x1F, 0xE3, 0xFC, 0x0F, 0xFF, 0xF8, 0x0F, 0xFF, 0xF0, 0x07, 0xFF, 0xE0, 0x01, 0xFF, 0xC0, 0x00, 0x7F, 0x00, 0x00, 0x3F, 0x00, 0x00, 0xFF,
    0xC0, 0x03, 0xFF, 0xF0, 0x07, 0xFF, 0xF8, 0x07, 0xFF, 0xF8, 0x0F, 0xE1, 0xFC, 0x1F, 0xC0, 0xFC, 0x1F, 0x80, 0xFC, 0x1F, 0x80, 0xF0, 0x1F, 0x80,
    0x00, 0x3F, 0x80, 0x00, 0x3F, 0x00, 0x00, 0x3F, 0x1F, 0x80, 0x3F, 0x7F, 0xE0, 0x3F, 0xFF, 0xF0, 0x3F, 0xFF, 0xF8, 0x3F, 0xFF, 0xFC, 0x3F, 0xE1,
    0xFC, 0x3F, 0xC0, 0xFC, 0x3F, 0x80, 0x7E, 0x3F, 0x80, 0x7E, 0x3F, 0x80, 0x7E, 0x3F, 0x80, 0x7E, 0x1F, 0x80, 0x7E, 0x1F, 0x80, 0x7E, 0x1F, 0xC0,
    0xFC, 0x0F, 0xE1, 0xFC, 0x0F, 0xFF, 0xF8, 0x07, 0xFF, 0xF8, 0x03, 0xFF, 0xF0, 0x00, 0xFF, 0xC0, 0x00, 0x3F, 0x00, 0x3F, 0xFF, 0xFE, 0x3F, 0xFF,
    0xFE, 0x3F, 0xFF, 0xFE, 0x3F, 0xFF, 0xFE, 0x3F, 0xFF, 0xFE, 0x3F, 0xFF, 0xFC, 0x00, 0x01, 0xF8, 0x00, 0x01, 0xF0, 0x00, 0x03, 0xF0, 0x00, 0x07,
    0xE0, 0x00, 0x07, 0xC0, 0x00, 0x0F, 0xC0, 0x00, 0x1F, 0x80, 0x00, 0x1F, 0x80, 0x00, 0x3F, 0x00, 0x00, 0x3F, 0x00, 0x00, 0x3E, 0x00, 0x00, 0x7E,
    0x00, 0x00, 0x7E, 0x00, 0x00, 0xFC, 0x00, 0x00, 0xFC, 0x00, 0x00, 0xFC, 0x00, 0x00, 0xF8, 0x00, 0x01, 0xF8, 0x00, 0x01, 0xF8, 0x00, 0x01, 0xF8,
    0x00, 0x01, 0xF0, 0x00, 0x01, 0xF0, 0x00, 0x03, 0xF0, 0x00, 0x03, 0xF0, 0x00, 0x03, 0xF0, 0x00, 0x03, 0xF0, 0x00, 0x00, 0xFF, 0x00, 0x03, 0xFF,
    0xC0, 0x07, 0xFF, 0xE0, 0x0F, 0xFF, 0xF0, 0x1F, 0xFF, 0xF8, 0x1F, 0xC3, 0xF8, 0x1F, 0x81, 0xF8, 0x1F, 0x00, 0xF8, 0x1F, 0x00, 0xF8, 0x1F, 0x00,
    0xF8, 0x1F, 0x81, 0xF8, 0x0F, 0xC3, 0xF0, 0x0F, 0xFF, 0xF0, 0x03, 0xFF, 0xE0, 0x01, 0xFF, 0xC0, 0x07, 0xFF, 0xE0, 0x0F, 0xFF, 0xF0, 0x1F, 0xC3,
    0xF8, 0x1F, 0x81, 0xFC, 0x3F, 0x00, 0xFC, 0x3F, 0x00, 0xFC, 0x3F, 0x00, 0xFC, 0x3F, 0x00, 0xFC, 0x3F, 0x00, 0xFC, 0x3F, 0x00, 0xFC, 0x3F, 0x81,
    0xFC, 0x1F, 0xC3, 0xFC, 0x1F, 0xFF, 0xF8, 0x0F, 0xFF, 0xF0, 0x07, 0xFF, 0xE0, 0x03, 0xFF, 0xC0, 0x00, 0x7F, 0x00, 0x00, 0xFE, 0x00, 0x03, 0xFF,
    0x80, 0x07, 0xFF, 0xC0, 0x0F, 0xFF, 0xE0, 0x1F, 0xFF, 0xF0, 0x3F, 0x87, 0xF8, 0x3F, 0x03, 0xF8, 0x3F, 0x01, 0xF8, 0x3E, 0x01, 0xFC, 0x7E, 0x00,
    0xFC, 0x7E, 0x00, 0xFC, 0x3E, 0x00, 0xFC, 0x3F, 0x01, 0xFC, 0x3F, 0x01, 0xFC, 0x3F, 0xC3, 0xFC, 0x1F, 0xFF, 0xFC, 0x1F, 0xFF, 0xFC, 0x0F, 0xFF,
    0xFC, 0x03, 0xFE, 0xFC, 0x00, 0xF8, 0xFC, 0x00, 0x00, 0xFC, 0x00, 0x00, 0xFC, 0x00, 0x00, 0xFC, 0x0F, 0x01, 0xFC, 0x3F, 0x01, 0xF8, 0x3F, 0x83,
    0xF8, 0x1F, 0xC7, 0xF0, 0x1F, 0xFF, 0xF0, 0x0F, 0xFF, 0xE0, 0x07, 0xFF, 0xC0, 0x03, 0xFF, 0x00, 0x00, 0xFC, 0x00, 0x0F, 0xC0, 0x0F, 0xC0, 0x0F,
    0xC0, 0x0F, 0xC0, 0x0F, 0xC0, 0x0F, 0xC0, 0x00, 0x00, 0x00, 0x00, 0x00, 0x00, 0x00, 0x00, 0x00, 0x00, 0x00, 0x00, 0x00, 0x00, 0x00, 0x00, 0x00,
    0x00, 0x00, 0x00, 0x00, 0x00, 0x0F, 0xC0, 0x0F, 0xC0, 0x0F, 0xC0, 0x0F, 0xC0, 0x0F, 0xC0, 0x0F, 0xC0, 0x0F, 0xC0, 0x0F, 0xC0, 0x0F, 0xC0, 0x0F,
    0xC0, 0x0F, 0xC0, 0x0F, 0xC0, 0x00, 0x00, 0x00, 0x00, 0x00, 0x00, 0x00, 0x00, 0x00, 0x00, 0x00, 0x00, 0x00, 0x00, 0x00, 0x00, 0x00, 0x00, 0x00,
    0x00, 0x00, 0x00, 0x0F, 0xC0, 0x0F, 0xC0, 0x0F, 0xC0, 0x0F, 0xC0, 0x0F, 0xC0, 0x0F, 0xC0, 0x01, 0xC0, 0x01, 0xC0, 0x03, 0xC0, 0x07, 0x80, 0x0F,
    0x80, 0x0F, 0x00, 0x04, 0x00, 0x00, 0x00, 0x01, 0x00, 0x00, 0x00, 0x0F, 0x00, 0x00, 0x00, 0x3F, 0x00, 0x00, 0x00, 0xFF, 0x00, 0x00, 0x07, 0xFF,
    0x00, 0x00, 0x1F, 0xFE, 0x00, 0x00, 0x7F, 0xF0, 0x00, 0x03, 0xFF, 0xC0, 0x00, 0x0F, 0xFF, 0x00, 0x00, 0x3F, 0xFC, 0x00, 0x00, 0x3F, 0xF0, 0x00,
    0x00, 0x3F, 0x80, 0x00, 0x00, 0x3F, 0xC0, 0x00, 0x00, 0x3F, 0xF0, 0x00, 0x00, 0x3F, 0xFC, 0x00, 0x00, 0x0F, 0xFF, 0x00, 0x00, 0x03, 0xFF, 0xC0,
    0x00, 0x00, 0x7F, 0xF0, 0x00, 0x00, 0x1F, 0xFE, 0x00, 0x00, 0x07, 0xFF, 0x00, 0x00, 0x00, 0xFF, 0x00, 0x00, 0x00, 0x3F, 0x00, 0x00, 0x00, 0x0F,
    0x00, 0x00, 0x00, 0x03, 0x00, 0x00, 0x00, 0x00, 0x00, 0x00, 0x00, 0x00, 0x00, 0x00, 0x00, 0x00, 0x00, 0x00, 0x00, 0x00, 0x00, 0x3F, 0xFF, 0xFF,
    0x00, 0x3F, 0xFF, 0xFF, 0x00, 0x3F, 0xFF, 0xFF, 0x00, 0x3F, 0xFF, 0xFF, 0x00, 0x3F, 0xFF, 0xFF, 0x00, 0x00, 0x00, 0x00, 0x00, 0x00, 0x00, 0x00,
    0x00, 0x00, 0x00, 0x00, 0x00, 0x00, 0x00, 0x00, 0x00, 0x3F, 0xFF, 0xFF, 0x00, 0x3F, 0xFF, 0xFF, 0x00, 0x3F, 0xFF, 0xFF, 0x00, 0x3F, 0xFF, 0xFF,
    0x00, 0x3F, 0xFF, 0xFF, 0x00, 0x00, 0x00, 0x00, 0x00, 0x00, 0x00, 0x00, 0x00, 0x00, 0x00, 0x00, 0x00, 0x00, 0x00, 0x00, 0x00, 0x00, 0x00, 0x00,
    0x00, 0x00, 0x00, 0x00, 0x00, 0x00, 0x00, 0x00, 0x00, 0x00, 0x00, 0x00, 0x00, 0x00, 0x00, 0x00, 0x00, 0x20, 0x00, 0x00, 0x00, 0x38, 0x00, 0x00,
    0x00, 0x3F, 0x00, 0x00, 0x00, 0x3F, 0xC0, 0x00, 0x00, 0x3F, 0xF0, 0x00, 0x00, 0x1F, 0xFE, 0x00, 0x00, 0x07, 0xFF, 0x80, 0x00, 0x01, 0xFF, 0xE0,
    0x00, 0x00, 0x3F, 0xFC, 0x00, 0x00, 0x0F, 0xFE, 0x00, 0x00, 0x03, 0xFF, 0x00, 0x00, 0x00, 0xFF, 0x00, 0x00, 0x00, 0xFF, 0x00, 0x00, 0x03, 0xFF,
    0x00, 0x00, 0x0F, 0xFE, 0x00, 0x00, 0x3F, 0xFC, 0x00, 0x01, 0xFF, 0xE0, 0x00, 0x07, 0xFF, 0x80, 0x00, 0x1F, 0xFE, 0x00, 0x00, 0x3F, 0xF0, 0x00,
    0x00, 0x3F, 0xC0, 0x00, 0x00, 0x3F, 0x00, 0x00, 0x00, 0x38, 0x00, 0x00, 0x00, 0x20, 0x00, 0x00, 0x00, 0x00, 0x00, 0x00, 0x00, 0x00, 0x00, 0x00,
    0x00, 0x00, 0x00, 0x00, 0x00, 0x00, 0x00, 0x00, 0x00, 0x00, 0x3F, 0x80, 0x00, 0x01, 0xFF, 0xF0, 0x00, 0x03, 0xFF, 0xF8, 0x00, 0x07, 0xFF, 0xFC,
    0x00, 0x0F, 0xFF, 0xFE, 0x00, 0x1F, 0xE0, 0xFF, 0x00, 0x1F, 0xC0, 0x3F, 0x00, 0x1F, 0x80, 0x1F, 0x80, 0x3F, 0x00, 0x1F, 0x80, 0x07, 0x00, 0x1F,
    0x80, 0x00, 0x00, 0x1F, 0x80, 0x00, 0x00, 0x3F, 0x00, 0x00, 0x00, 0x7F, 0x00, 0x00, 0x00, 0xFE, 0x00, 0x00, 0x01, 0xFE, 0x00, 0x00, 0x03, 0xFC,
    0x00, 0x00, 0x07, 0xF8, 0x00, 0x00, 0x0F, 0xE0, 0x00, 0x00, 0x1F, 0xC0, 0x00, 0x00, 0x1F, 0x80, 0x00, 0x00, 0x1F, 0x80, 0x00, 0x00, 0x1F, 0x00,
    0x00, 0x00, 0x1F, 0x00, 0x00, 0x00, 0x1F, 0x00, 0x00, 0x00, 0x00, 0x00, 0x00, 0x00, 0x00, 0x00, 0x00, 0x00, 0x1F, 0x80, 0x00, 0x00, 0x1F, 0x80,
    0x00, 0x00, 0x1F, 0x80, 0x00, 0x00, 0x1F, 0x80, 0x00, 0x00, 0x1F, 0x80, 0x00, 0x00, 0x1F, 0x80, 0x00, 0x00, 0x00, 0x3F, 0xF0, 0x00, 0x00, 0x00,
    0x01, 0xFF, 0xFF, 0x00, 0x00, 0x00, 0x0F, 0xFF, 0xFF, 0xC0, 0x00, 0x00, 0x1F, 0xFF, 0xFF, 0xE0, 0x00, 0x00, 0x7F, 0xFF, 0xFF, 0xF0, 0x00, 0x00,
    0xFF, 0xC0, 0x0F, 0xF8, 0x00, 0x01, 0xFE, 0x00, 0x01, 0xFC, 0x00, 0x03, 0xF8, 0x00, 0x00, 0x7E, 0x00, 0x03, 0xF0, 0x3E, 0x00, 0x3F, 0x00, 0x07,
    0xE0, 0xFF, 0x9F, 0x9F, 0x00, 0x0F, 0xC1, 0xFF, 0xDF, 0x8F, 0x00, 0x0F, 0x83, 0xFF, 0xDF, 0x0F, 0x80, 0x1F, 0x07, 0xFF, 0xFF, 0x07, 0x80, 0x1F,
    0x0F, 0xFF, 0xFF, 0x07, 0x80, 0x1E, 0x0F, 0xE0, 0xFF, 0x03, 0x80, 0x3E, 0x1F, 0xC0, 0x7E, 0x03, 0xC0, 0x3C, 0x1F, 0x80, 0x7E, 0x03, 0xC0, 0x3C,
    0x3F, 0x00, 0x7E, 0x03, 0xC0, 0x3C, 0x3F, 0x00, 0x7E, 0x03, 0x80, 0x3C, 0x3E, 0x00, 0x7E, 0x07, 0x80, 0x78, 0x3E, 0x00, 0x7C, 0x07, 0x80, 0x78,
    0x7E, 0x00, 0x7C, 0x07, 0x80, 0x78, 0x7E, 0x00, 0xFC, 0x0F, 0x00, 0x78, 0x7E, 0x00, 0xFC, 0x1F, 0x00, 0x78, 0x3F, 0x01, 0xFC, 0x3E, 0x00, 0x38,
    0x3F, 0x87, 0xF8, 0x7E, 0x00, 0x3C, 0x3F, 0xFF, 0xFC, 0xFC, 0x00, 0x3C, 0x3F, 0xFF, 0xFF, 0xF8, 0x00, 0x3C, 0x1F, 0xFF, 0xFF, 0xF0, 0x00, 0x3E,
    0x0F, 0xFE, 0xFF, 0xE0, 0x00, 0x1E, 0x07, 0xFC, 0xFF, 0xC0, 0x00, 0x1F, 0x01, 0xF0, 0x7E, 0x00, 0x00, 0x0F, 0x80, 0x00, 0x00, 0x03, 0xC0, 0x0F,
    0xC0, 0x00, 0x00, 0x07, 0xC0, 0x07, 0xE0, 0x00, 0x00, 0x0F, 0x80, 0x07, 0xF0, 0x00, 0x00, 0x3F, 0x80, 0x03, 0xFC, 0x00, 0x00, 0xFF, 0x00, 0x01,
    0xFF, 0xC0, 0x07, 0xFE, 0x00, 0x00, 0xFF, 0xFF, 0xFF, 0xFC, 0x00, 0x00, 0x3F, 0xFF, 0xFF, 0xF8, 0x00, 0x00, 0x0F, 0xFF, 0xFF, 0xE0, 0x00, 0x00,
    0x03, 0xFF, 0xFF, 0x80, 0x00, 0x00, 0x00, 0x3F, 0xF8, 0x00, 0x00, 0x00, 0x0F, 0xE0, 0x00, 0x00, 0x0F, 0xF0, 0x00, 0x00, 0x1F, 0xF0, 0x00, 0x00,
    0x1F, 0xF0, 0x00, 0x00, 0x1F, 0xF8, 0x00, 0x00, 0x3F, 0xF8, 0x00, 0x00, 0x3E, 0xFC, 0x00, 0x00, 0x7E, 0xFC, 0x00, 0x00, 0x7E, 0x7C, 0x00, 0x00,
    0x7C, 0x7E, 0x00, 0x00, 0xFC, 0x7E, 0x00, 0x00, 0xFC, 0x7F, 0x00, 0x01, 0xF8, 0x3F, 0x00, 0x01, 0xF8, 0x3F, 0x00, 0x01, 0xF8, 0x3F, 0x80, 0x03,
    0xF8, 0x1F, 0x80, 0x03, 0xF0, 0x1F, 0x80, 0x03, 0xF0, 0x1F, 0xC0, 0x07, 0xF0, 0x1F, 0xC0, 0x07, 0xE0, 0x0F, 0xE0, 0x0F, 0xFF, 0xFF, 0xE0, 0x0F,
    0xFF, 0xFF, 0xE0, 0x0F, 0xFF, 0xFF, 0xF0, 0x1F, 0xFF, 0xFF, 0xF0, 0x1F, 0xFF, 0xFF, 0xF8, 0x3F, 0x80, 0x03, 0xF8, 0x3F, 0x80, 0x01, 0xF8, 0x3F,
    0x00, 0x01, 0xFC, 0x7F, 0x00, 0x01, 0xFC, 0x7F, 0x00, 0x00, 0xFE, 0x7E, 0x00, 0x00, 0xFE, 0xFE, 0x00, 0x00, 0xFE, 0x1F, 0xFF, 0xFC, 0x00, 0x1F,
    0xFF, 0xFF, 0x00, 0x1F, 0xFF, 0xFF, 0xC0, 0x1F, 0xFF, 0xFF, 0xC0, 0x1F, 0xFF, 0xFF, 0xE0, 0x1F, 0xC0, 0x0F, 0xF0, 0x1F, 0xC0, 0x07, 0xF0, 0x1F,
    0xC0, 0x03, 0xF0, 0x1F, 0xC0, 0x03, 0xF0, 0x1F, 0xC0, 0x03, 0xF0, 0x1F, 0xC0, 0x03, 0xF0, 0x1F, 0xC0, 0x07, 0xE0, 0x1F, 0xC0, 0x0F, 0xE0, 0x1F,
    0xFF, 0xFF, 0xC0, 0x1F, 0xFF, 0xFF, 0x80, 0x1F, 0xFF, 0xFF, 0x80, 0x1F, 0xFF, 0xFF, 0xC0, 0x1F, 0xFF, 0xFF, 0xF0, 0x1F, 0xC0, 0x0F, 0xF0, 0x1F,
    0xC0, 0x03, 0xF8, 0x1F, 0xC0, 0x01, 0xF8, 0x1F, 0xC0, 0x01, 0xF8, 0x1F, 0xC0, 0x01, 0xFC, 0x1F, 0xC0, 0x01, 0xFC, 0x1F, 0xC0, 0x01, 0xF8, 0x1F,
    0xC0, 0x03, 0xF8, 0x1F, 0xC0, 0x07, 0xF8, 0x1F, 0xFF, 0xFF, 0xF0, 0x1F, 0xFF, 0xFF, 0xF0, 0x1F, 0xFF, 0xFF, 0xE0, 0x1F, 0xFF, 0xFF, 0x80, 0x1F,
    0xFF, 0xFE, 0x00, 0x00, 0x07, 0xF8, 0x00, 0x00, 0x3F, 0xFE, 0x00, 0x00, 0xFF, 0xFF, 0x80, 0x01, 0xFF, 0xFF, 0xC0, 0x03, 0xFF, 0xFF, 0xE0, 0x07,
    0xFC, 0x1F, 0xF0, 0x0F, 0xF0, 0x07, 0xF0, 0x0F, 0xE0, 0x03, 0xF8, 0x1F, 0xC0, 0x01, 0xF8, 0x1F, 0xC0, 0x01, 0xC0, 0x1F, 0x80, 0x00, 0x00, 0x1F,
    0x80, 0x00, 0x00, 0x3F, 0x80, 0x00, 0x00, 0x3F, 0x80, 0x00, 0x00, 0x3F, 0x80, 0x00, 0x00, 0x3F, 0x80, 0x00, 0x00, 0x3F, 0x80, 0x00, 0x00, 0x3F,
    0x80, 0x00, 0x00, 0x3F, 0x80, 0x00, 0x00, 0x3F, 0x80, 0x00, 0x00, 0x1F, 0x80, 0x01, 0x80, 0x1F, 0x80, 0x01, 0xF0, 0x1F, 0xC0, 0x01, 0xF8, 0x1F,
    0xC0, 0x03, 0xF8, 0x0F, 0xE0, 0x07, 0xF8, 0x0F, 0xF0, 0x0F, 0xF0, 0x07, 0xFC, 0x1F, 0xF0, 0x03, 0xFF, 0xFF, 0xE0, 0x01, 0xFF, 0xFF, 0xC0, 0x00,
    0xFF, 0xFF, 0x80, 0x00, 0x3F, 0xFE, 0x00, 0x00, 0x0F, 0xF8, 0x00, 0x1F, 0xFF, 0xF0, 0x00, 0x1F, 0xFF, 0xFE, 0x00, 0x1F, 0xFF, 0xFF, 0x00, 0x1F,
    0xFF, 0xFF, 0x80, 0x1F, 0xFF, 0xFF, 0xC0, 0x1F, 0xC0, 0x3F, 0xE0, 0x1F, 0xC0, 0x0F, 0xF0, 0x1F, 0xC0, 0x07, 0xF0, 0x1F, 0xC0, 0x03, 0xF0, 0x1F,
    0xC0, 0x03, 0xF8, 0x1F, 0xC0, 0x03, 0xF8, 0x1F, 0xC0, 0x01, 0xF8, 0x1F, 0xC0, 0x01, 0xF8, 0x1F, 0xC0, 0x01, 0xF8, 0x1F, 0xC0, 0x01, 0xFC, 0x1F,
    0xC0, 0x01, 0xFC, 0x1F, 0xC0, 0x01, 0xFC, 0x1F, 0xC0, 0x01, 0xFC, 0x1F, 0xC0, 0x01, 0xF8, 0x1F, 0xC0, 0x01, 0xF8, 0x1F, 0xC0, 0x01, 0xF8, 0x1F,
    0xC0, 0x01, 0xF8, 0x1F, 0xC0, 0x03, 0xF8, 0x1F, 0xC0, 0x03, 0xF0, 0x1F, 0xC0, 0x07, 0xF0, 0x1F, 0xC0, 0x0F, 0xF0, 0x1F, 0xC0, 0x1F, 0xE0, 0x1F,
    0xFF, 0xFF, 0xC0, 0x1F, 0xFF, 0xFF, 0x80, 0x1F, 0xFF, 0xFF, 0x00, 0x1F, 0xFF, 0xFE, 0x00, 0x1F, 0xFF, 0xF0, 0x00, 0x1F, 0xFF, 0xFF, 0xE0, 0x1F,
    0xFF, 0xFF, 0xE0, 0x1F, 0xFF, 0xFF, 0xE0, 0x1F, 0xFF, 0xFF, 0xE0, 0x1F, 0xFF, 0xFF, 0xE0, 0x1F, 0xC0, 0x00, 0x00, 0x1F, 0xC0, 0x00, 0x00, 0x1F,
    0xC0, 0x00, 0x00, 0x1F, 0xC0, 0x00, 0x00, 0x1F, 0xC0, 0x00, 0x00, 0x1F, 0xC0, 0x00, 0x00, 0x1F, 0xC0, 0x00, 0x00, 0x1F, 0xFF, 0xFF, 0x80, 0x1F,
    0xFF, 0xFF, 0x80, 0x1F, 0xFF, 0xFF, 0x80, 0x1F, 0xFF, 0xFF, 0x80, 0x1F, 0xFF, 0xFF, 0x80, 0x1F, 0xC0, 0x00, 0x00, 0x1F, 0xC0, 0x00, 0x00, 0x1F,
    0xC0, 0x00, 0x00, 0x1F, 0xC0, 0x00, 0x00, 0x1F, 0xC0, 0x00, 0x00, 0x1F, 0xC0, 0x00, 0x00, 0x1F, 0xC0, 0x00, 0x00, 0x1F, 0xC0, 0x00, 0x00, 0x1F,
    0xC0, 0x00, 0x00, 0x1F, 0xC0, 0x00, 0x00, 0x1F, 0xFF, 0xFF, 0xE0, 0x1F, 0xFF, 0xFF, 0xE0, 0x1F, 0xFF, 0xFF, 0xE0, 0x1F, 0xFF, 0xFF, 0xE0, 0x1F,
    0xFF, 0xFF, 0xE0, 0x1F, 0xFF, 0xFF, 0x80, 0x1F, 0xFF, 0xFF, 0x80, 0x1F, 0xFF, 0xFF, 0x80, 0x1F, 0xFF, 0xFF, 0x80, 0x1F, 0xFF, 0xFF, 0x80, 0x1F,
    0xC0, 0x00, 0x00, 0x1F, 0xC0, 0x00, 0x00, 0x1F, 0xC0, 0x00, 0x00, 0x1F, 0xC0, 0x00, 0x00, 0x1F, 0xC0, 0x00, 0x00, 0x1F, 0xC0, 0x00, 0x00, 0x1F,
    0xC0, 0x00, 0x00, 0x1F, 0xC0, 0x00, 0x00, 0x1F, 0xFF, 0xFE, 0x00, 0x1F, 0xFF, 0xFE, 0x00, 0x1F, 0xFF, 0xFE, 0x00, 0x1F, 0xFF, 0xFE, 0x00, 0x1F,
    0xFF, 0xFE, 0x00, 0x1F, 0xC0, 0x00, 0x00, 0x1F, 0xC0, 0x00, 0x00, 0x1F, 0xC0, 0x00, 0x00, 0x1F, 0xC0, 0x00, 0x00, 0x1F, 0xC0, 0x00, 0x00, 0x1F,
    0xC0, 0x00, 0x00, 0x1F, 0xC0, 0x00, 0x00, 0x1F, 0xC0, 0x00, 0x00, 0x1F, 0xC0, 0x00, 0x00, 0x1F, 0xC0, 0x00, 0x00, 0x1F, 0xC0, 0x00, 0x00, 0x1F,
    0xC0, 0x00, 0x00, 0x1F, 0xC0, 0x00, 0x00, 0x1F, 0xC0, 0x00, 0x00, 0x00, 0x07, 0xFC, 0x00, 0x00, 0x00, 0x3F, 0xFF, 0x80, 0x00, 0x00, 0x7F, 0xFF,
    0xE0, 0x00, 0x01, 0xFF, 0xFF, 0xF0, 0x00, 0x03, 0xFF, 0xFF, 0xF8, 0x00, 0x07, 0xFE, 0x07, 0xFC, 0x00, 0x07, 0xF8, 0x03, 0xFC, 0x00, 0x0F, 0xE0,
    0x00, 0xFE, 0x00, 0x0F, 0xE0, 0x00, 0xFE, 0x00, 0x1F, 0xC0, 0x00, 0x70, 0x00, 0x1F, 0x80, 0x00, 0x00, 0x00, 0x1F, 0x80, 0x00, 0x00, 0x00, 0x3F,
    0x80, 0x00, 0x00, 0x00, 0x3F, 0x80, 0x00, 0x00, 0x00, 0x3F, 0x80, 0x00, 0x00, 0x00, 0x3F, 0x80, 0x3F, 0xFF, 0x00, 0x3F, 0x80, 0x3F, 0xFF, 0x00,
    0x3F, 0x80, 0x3F, 0xFF, 0x00, 0x3F, 0x80, 0x3F, 0xFF, 0x00, 0x3F, 0x80, 0x3F, 0xFF, 0x00, 0x1F, 0x80, 0x00, 0x7F, 0x00, 0x1F, 0xC0, 0x00, 0x7F,
    0x00, 0x1F, 0xC0, 0x00, 0x7F, 0x00, 0x0F, 0xE0, 0x00, 0x7F, 0x00, 0x0F, 0xF0, 0x00, 0x7F, 0x00, 0x07, 0xF8, 0x01, 0xFF, 0x00, 0x07, 0xFE, 0x07,
    0xFF, 0x00, 0x03, 0xFF, 0xFF, 0xFE, 0x00, 0x01, 0xFF, 0xFF, 0xFC, 0x00, 0x00, 0x7F, 0xFF, 0xF0, 0x00, 0x00, 0x1F, 0xFF, 0xC0, 0x00, 0x00, 0x03,
    0xFE, 0x00, 0x00, 0x1F, 0xC0, 0x03, 0xF0, 0x1F, 0xC0, 0x03, 0xF0, 0x1F, 0xC0, 0x03, 0xF0, 0x1F, 0xC0, 0x03, 0xF0, 0x1F, 0xC0, 0x03, 0xF0, 0x1F,
    0xC0, 0x03, 0xF0, 0x1F, 0xC0, 0x03, 0xF0, 0x1F, 0xC0, 0x03, 0xF0, 0x1F, 0xC0, 0x03, 0xF0, 0x1F, 0xC0, 0x03, 0xF0, 0x1F, 0xC0, 0x03, 0xF0, 0x1F,
    0xC0, 0x03, 0xF0, 0x1F, 0xC0, 0x03, 0xF0, 0x1F, 0xFF, 0xFF, 0xF0, 0x1F, 0xFF, 0xFF, 0xF0, 0x1F, 0xFF, 0xFF, 0xF0, 0x1F, 0xFF, 0xFF, 0xF0, 0x1F,
    0xFF, 0xFF, 0xF0, 0x1F, 0xC0, 0x03, 0xF0, 0x1F, 0xC0, 0x03, 0xF0, 0x1F, 0xC0, 0x03, 0xF0, 0x1F, 0xC0, 0x03, 0xF0, 0x1F, 0xC0, 0x03, 0xF0, 0x1F,
    0xC0, 0x03, 0xF0, 0x1F, 0xC0, 0x03, 0xF0, 0x1F, 0xC0, 0x03, 0xF0, 0x1F, 0xC0, 0x03, 0xF0, 0x1F, 0xC0, 0x03, 0xF0, 0x1F, 0xC0, 0x03, 0xF0, 0x1F,
    0xC0, 0x03, 0xF0, 0x1F, 0xC0, 0x03, 0xF0, 0x1F, 0xC0, 0x03, 0xF0, 0x1F, 0x80, 0x1F, 0x80, 0x1F, 0x80, 0x1F, 0x80, 0x1F, 0x80, 0x1F, 0x80, 0x1F,
    0x80, 0x1F, 0x80, 0x1F, 0x80, 0x1F, 0x80, 0x1F, 0x80, 0x1F, 0x80, 0x1F, 0x80, 0x1F, 0x80, 0x1F, 0x80, 0x1F, 0x80, 0x1F, 0x80, 0x1F, 0x80, 0x1F,
    0x80, 0x1F, 0x80, 0x1F, 0x80, 0x1F, 0x80, 0x1F, 0x80, 0x1F, 0x80, 0x1F, 0x80, 0x1F, 0x80, 0x1F, 0x80, 0x1F, 0x80, 0x1F, 0x80, 0x1F, 0x80, 0x1F,
    0x80, 0x1F, 0x80, 0x00, 0x01, 0xF8, 0x00, 0x01, 0xF8, 0x00, 0x01, 0xF8, 0x00, 0x01, 0xF8, 0x00, 0x01, 0xF8, 0x00, 0x01, 0xF8, 0x00, 0x01, 0xF8,
    0x00, 0x01, 0xF8, 0x00, 0x01, 0xF8, 0x00, 0x01, 0xF8, 0x00, 0x01, 0xF8, 0x00, 0x01, 0xF8, 0x00, 0x01, 0xF8, 0x00, 0x01, 0xF8, 0x00, 0x01, 0xF8,
    0x00, 0x01, 0xF8, 0x00, 0x01, 0xF8, 0x00, 0x01, 0xF8, 0x00, 0x01, 0xF8, 0x00, 0x01, 0xF8, 0x00, 0x01, 0xF8, 0x0E, 0x01, 0xF8, 0x7E, 0x03, 0xF8,
    0x7E, 0x03, 0xF8, 0x7E, 0x03, 0xF8, 0x7F, 0x03, 0xF0, 0x7F, 0x87, 0xF0, 0x3F, 0xFF, 0xE0, 0x1F, 0xFF, 0xE0, 0x1F, 0xFF, 0xC0, 0x07, 0xFF, 0x80,
    0x01, 0xFC, 0x00, 0x1F, 0xC0, 0x03, 0xFE, 0x1F, 0xC0, 0x07, 0xFC, 0x1F, 0xC0, 0x0F, 0xF8, 0x1F, 0xC0, 0x1F, 0xF0, 0x1F, 0xC0, 0x3F, 0xE0, 0x1F,
    0xC0, 0x7F, 0xC0, 0x1F, 0xC0, 0xFF, 0x80, 0x1F, 0xC1, 0xFF, 0x00, 0x1F, 0xC3, 0xFE, 0x00, 0x1F, 0xC7, 0xFC, 0x00, 0x1F, 0xCF, 0xF8, 0x00, 0x1F,
    0xDF, 0xF0, 0x00, 0x1F, 0xDF, 0xE0, 0x00, 0x1F, 0xFF, 0xF0, 0x00, 0x1F, 0xFF, 0xF8, 0x00, 0x1F, 0xFF, 0xF8, 0x00, 0x1F, 0xFF, 0xFC, 0x00, 0x1F,
    0xFF, 0xFC, 0x00, 0x1F, 0xF8, 0xFE, 0x00, 0x1F, 0xF0, 0xFF, 0x00, 0x1F, 0xE0, 0x7F, 0x00, 0x1F, 0xC0, 0x7F, 0x80, 0x1F, 0xC0, 0x3F, 0xC0, 0x1F,
    0xC0, 0x3F, 0xC0, 0x1F, 0xC0, 0x1F, 0xE0, 0x1F, 0xC0, 0x0F, 0xF0, 0x1F, 0xC0, 0x0F, 0xF0, 0x1F, 0xC0, 0x07, 0xF8, 0x1F, 0xC0, 0x07, 0xF8, 0x1F,
    0xC0, 0x03, 0xFC, 0x1F, 0xC0, 0x01, 0xFE, 0x1F, 0xC0, 0x01, 0xFE, 0x1F, 0xC0, 0x00, 0x00, 0x1F, 0xC0, 0x00, 0x00, 0x1F, 0xC0, 0x00, 0x00, 0x1F,
    0xC0, 0x00, 0x00, 0x1F, 0xC0, 0x00, 0x00, 0x1F, 0xC0, 0x00, 0x00, 0x1F, 0xC0, 0x00, 0x00, 0x1F, 0xC0, 0x00, 0x00, 0x1F, 0xC0, 0x00, 0x00, 0x1F,
    0xC0, 0x00, 0x00, 0x1F, 0xC0, 0x00, 0x00, 0x1F, 0xC0, 0x00, 0x00, 0x1F, 0xC0, 0x00, 0x00, 0x1F, 0xC0, 0x00, 0x00, 0x1F, 0xC0, 0x00, 0x00, 0x1F,
    0xC0, 0x00, 0x00, 0x1F, 0xC0, 0x00, 0x00, 0x1F, 0xC0, 0x00, 0x00, 0x1F, 0xC0, 0x00, 0x00, 0x1F, 0xC0, 0x00, 0x00, 0x1F, 0xC0, 0x00, 0x00, 0x1F,
    0xC0, 0x00, 0x00, 0x1F, 0xC0, 0x00, 0x00, 0x1F, 0xC0, 0x00, 0x00, 0x1F, 0xC0, 0x00, 0x00, 0x1F, 0xC0, 0x00, 0x00, 0x1F, 0xC0, 0x00, 0x00, 0x1F,
    0xFF, 0xFF, 0xC0, 0x1F, 0xFF, 0xFF, 0xC0, 0x1F, 0xFF, 0xFF, 0xC0, 0x1F, 0xFF, 0xFF, 0xC0, 0x1F, 0xFF, 0xFF, 0xC0, 0x1F, 0xF8, 0x00, 0xFF, 0xC0,
    0x1F, 0xF8, 0x00, 0xFF, 0xC0, 0x1F, 0xF8, 0x01, 0xFF, 0xC0, 0x1F, 0xFC, 0x01, 0xFF, 0xC0, 0x1F, 0xFC, 0x01, 0xFF, 0xC0, 0x1F, 0xFC, 0x01, 0xFF,
    0xC0, 0x1F, 0xFC, 0x03, 0xFF, 0xC0, 0x1F, 0xFE, 0x03, 0xFF, 0xC0, 0x1F, 0xFE, 0x03, 0xFF, 0xC0, 0x1F, 0xBE, 0x03, 0xEF, 0xC0, 0x1F, 0xBE, 0x07,
    0xEF, 0xC0, 0x1F, 0xBF, 0x07, 0xCF, 0xC0, 0x1F, 0xBF, 0x07, 0xCF, 0xC0, 0x1F, 0x9F, 0x07, 0xCF, 0xC0, 0x1F, 0x9F, 0x0F, 0xCF, 0xC0, 0x1F, 0x9F,
    0x8F, 0x8F, 0xC0, 0x1F, 0x9F, 0x8F, 0x8F, 0xC0, 0x1F, 0x8F, 0x9F, 0x8F, 0xC0, 0x1F, 0x8F, 0x9F, 0x8F, 0xC0, 0x1F, 0x8F, 0xDF, 0x0F, 0xC0, 0x1F,
    0x8F, 0xDF, 0x0F, 0xC0, 0x1F, 0x87, 0xFF, 0x0F, 0xC0, 0x1F, 0x87, 0xFF, 0x0F, 0xC0, 0x1F, 0x87, 0xFE, 0x0F, 0xC0, 0x1F, 0x87, 0xFE, 0x0F, 0xC0,
    0x1F, 0x83, 0xFE, 0x0F, 0xC0, 0x1F, 0x83, 0xFE, 0x0F, 0xC0, 0x1F, 0x83, 0xFC, 0x0F, 0xC0, 0x1F, 0x83, 0xFC, 0x0F, 0xC0, 0x1F, 0x81, 0xFC, 0x0F,
    0xC0, 0x1F, 0x81, 0xFC, 0x0F, 0xC0, 0x1F, 0x81, 0xF8, 0x0F, 0xC0, 0x1F, 0xC0, 0x03, 0xF0, 0x1F, 0xC0, 0x03, 0xF0, 0x1F, 0xE0, 0x03, 0xF0, 0x1F,
    0xE0, 0x03, 0xF0, 0x1F, 0xF0, 0x03, 0xF0, 0x1F, 0xF0, 0x03, 0xF0, 0x1F, 0xF8, 0x03, 0xF0, 0x1F, 0xFC, 0x03, 0xF0, 0x1F, 0xFC, 0x03, 0xF0, 0x1F,
    0xFE, 0x03, 0xF0, 0x1F, 0xBE, 0x03, 0xF0, 0x1F, 0x9F, 0x03, 0xF0, 0x1F, 0x9F, 0x03, 0xF0, 0x1F, 0x8F, 0x83, 0xF0, 0x1F, 0x8F, 0x83, 0xF0, 0x1F,
    0x87, 0xC3, 0xF0, 0x1F, 0x87, 0xE3, 0xF0, 0x1F, 0x83, 0xE3, 0xF0, 0x1F, 0x83, 0xF3, 0xF0, 0x1F, 0x81, 0xF3, 0xF0, 0x1F, 0x80, 0xFB, 0xF0, 0x1F,
    0x80, 0xFB, 0xF0, 0x1F, 0x80, 0x7F, 0xF0, 0x1F, 0x80, 0x7F, 0xF0, 0x1F, 0x80, 0x3F, 0xF0, 0x1F, 0x80, 0x3F, 0xF0, 0x1F, 0x80, 0x1F, 0xF0, 0x1F,
    0x80, 0x1F, 0xF0, 0x1F, 0x80, 0x0F, 0xF0, 0x1F, 0x80, 0x07, 0xF0, 0x1F, 0x80, 0x07, 0xF0, 0x1F, 0x80, 0x03, 0xF0, 0x00, 0x07, 0xFC, 0x00, 0x00,
    0x00, 0x3F, 0xFF, 0x00, 0x00, 0x00, 0xFF, 0xFF, 0xC0, 0x00, 0x01, 0xFF, 0xFF, 0xE0, 0x00, 0x03, 0xFF, 0xFF, 0xF0, 0x00, 0x07, 0xFC, 0x0F, 0xF8,
    0x00, 0x0F, 0xF0, 0x03, 0xFC, 0x00, 0x0F, 0xE0, 0x01, 0xFE, 0x00, 0x1F, 0xC0, 0x00, 0xFE, 0x00, 0x1F, 0xC0, 0x00, 0x7E, 0x00, 0x1F, 0x80, 0x00,
    0x7F, 0x00, 0x3F, 0x80, 0x00, 0x7F, 0x00, 0x3F, 0x80, 0x00, 0x3F, 0x00, 0x3F, 0x80, 0x00, 0x3F, 0x00, 0x3F, 0x80, 0x00, 0x3F, 0x00, 0x3F, 0x00,
    0x00, 0x3F, 0x00, 0x3F, 0x00, 0x00, 0x3F, 0x00, 0x3F, 0x80, 0x00, 0x3F, 0x00, 0x3F, 0x80, 0x00, 0x3F, 0x00, 0x3F, 0x80, 0x00, 0x3F, 0x00, 0x3F,
    0x80, 0x00, 0x7F, 0x00, 0x1F, 0x80, 0x00, 0x7F, 0x00, 0x1F, 0xC0, 0x00, 0x7E, 0x00, 0x1F, 0xC0, 0x00, 0xFE, 0x00, 0x0F, 0xE0, 0x01, 0xFE, 0x00,
    0x0F, 0xF0, 0x03, 0xFC, 0x00, 0x07, 0xFC, 0x0F, 0xF8, 0x00, 0x03, 0xFF, 0xFF, 0xF8, 0x00, 0x01, 0xFF, 0xFF, 0xF0, 0x00, 0x00, 0xFF, 0xFF, 0xC0,
    0x00, 0x00, 0x3F, 0xFF, 0x00, 0x00, 0x00, 0x07, 0xFC, 0x00, 0x00, 0x1F, 0xFF, 0xF8, 0x00, 0x1F, 0xFF, 0xFE, 0x00, 0x1F, 0xFF, 0xFF, 0x00, 0x1F,
    0xFF, 0xFF, 0x80, 0x1F, 0xFF, 0xFF, 0xC0, 0x1F, 0xC0, 0x3F, 0xE0, 0x1F, 0xC0, 0x1F, 0xE0, 0x1F, 0xC0, 0x0F, 0xE0, 0x1F, 0xC0, 0x07, 0xE0, 0x1F,
    0xC0, 0x07, 0xE0, 0x1F, 0xC0, 0x07, 0xE0, 0x1F, 0xC0, 0x07, 0xE0, 0x1F, 0xC0, 0x0F, 0xE0, 0x1F, 0xC0, 0x1F, 0xE0, 0x1F, 0xC0, 0x3F, 0xC0, 0x1F,
    0xFF, 0xFF, 0xC0, 0x1F, 0xFF, 0xFF, 0x80, 0x1F, 0xFF, 0xFF, 0x00, 0x1F, 0xFF, 0xFE, 0x00, 0x1F, 0xFF, 0xF0, 0x00, 0x1F, 0xC0, 0x00, 0x00, 0x1F,
    0xC0, 0x00, 0x00, 0x1F, 0xC0, 0x00, 0x00, 0x1F, 0xC0, 0x00, 0x00, 0x1F, 0xC0, 0x00, 0x00, 0x1F, 0xC0, 0x00, 0x00, 0x1F, 0xC0, 0x00, 0x00, 0x1F,
    0xC0, 0x00, 0x00, 0x1F, 0xC0, 0x00, 0x00, 0x1F, 0xC0, 0x00, 0x00, 0x1F, 0xC0, 0x00, 0x00, 0x1F, 0xC0, 0x00, 0x00, 0x00, 0x07, 0xFC, 0x00, 0x00,
    0x00, 0x3F, 0xFF, 0x80, 0x00, 0x00, 0xFF, 0xFF, 0xC0, 0x00, 0x01, 0xFF, 0xFF, 0xF0, 0x00, 0x03, 0xFF, 0xFF, 0xF8, 0x00, 0x07, 0xFC, 0x0F, 0xF8,
    0x00, 0x0F, 0xF0, 0x03, 0xFC, 0x00, 0x0F, 0xE0, 0x01, 0xFE, 0x00, 0x1F, 0xC0, 0x00, 0xFE, 0x00, 0x1F, 0xC0, 0x00, 0x7E, 0x00, 0x1F, 0x80, 0x00,
    0x7F, 0x00, 0x3F, 0x80, 0x00, 0x7F, 0x00, 0x3F, 0x80, 0x00, 0x3F, 0x00, 0x3F, 0x80, 0x00, 0x3F, 0x00, 0x3F, 0x80, 0x00, 0x3F, 0x00, 0x3F, 0x00,
    0x00, 0x3F, 0x00, 0x3F, 0x00, 0x00, 0x3F, 0x00, 0x3F, 0x80, 0x00, 0x3F, 0x00, 0x3F, 0x80, 0x00, 0x3F, 0x00, 0x3F, 0x80, 0x00, 0x3F, 0x00, 0x3F,
    0x80, 0x00, 0x7F, 0x00, 0x1F, 0x80, 0x60, 0x7F, 0x00, 0x1F, 0xC0, 0x78, 0x7E, 0x00, 0x1F, 0xC0, 0xFC, 0xFE, 0x00, 0x0F, 0xE0, 0xFF, 0xFE, 0x00,
    0x0F, 0xF0, 0x7F, 0xFC, 0x00, 0x07, 0xFC, 0x1F, 0xF8, 0x00, 0x03, 0xFF, 0xFF, 0xF8, 0x00, 0x01, 0xFF, 0xFF, 0xFC, 0x00, 0x00, 0xFF, 0xFF, 0xFF,
    0x00, 0x00, 0x3F, 0xFF, 0xFF, 0x80, 0x00, 0x07, 0xFC, 0x7F, 0x80, 0x00, 0x00, 0x00, 0x1F, 0x00, 0x00, 0x00, 0x00, 0x0F, 0x00, 0x00, 0x00, 0x00,
    0x03, 0x00, 0x1F, 0xFF, 0xFE, 0x00, 0x1F, 0xFF, 0xFF, 0x80, 0x1F, 0xFF, 0xFF, 0xC0, 0x1F, 0xFF, 0xFF, 0xE0, 0x1F, 0xFF, 0xFF, 0xF0, 0x1F, 0xC0,
    0x0F, 0xF0, 0x1F, 0xC0, 0x07, 0xF8, 0x1F, 0xC0, 0x03, 0xF8, 0x1F, 0xC0, 0x03, 0xF8, 0x1F, 0xC0, 0x03, 0xF8, 0x1F, 0xC0, 0x03, 0xF8, 0x1F, 0xC0,
    0x03, 0xF8, 0x1F, 0xC0, 0x07, 0xF0, 0x1F, 0xC0, 0x0F, 0xF0, 0x1F, 0xFF, 0xFF, 0xE0, 0x1F, 0xFF, 0xFF, 0xE0, 0x1F, 0xFF, 0xFF, 0x80, 0x1F, 0xFF,
    0xFE, 0x00, 0x1F, 0xFF, 0xF8, 0x00, 0x1F, 0xC3, 0xFE, 0x00, 0x1F, 0xC0, 0xFF, 0x00, 0x1F, 0xC0, 0x7F, 0x80, 0x1F, 0xC0, 0x3F, 0x80, 0x1F, 0xC0,
    0x3F, 0xC0, 0x1F, 0xC0, 0x1F, 0xE0, 0x1F, 0xC0, 0x0F, 0xE0, 0x1F, 0xC0, 0x0F, 0xF0, 0x1F, 0xC0, 0x07, 0xF8, 0x1F, 0xC0, 0x03, 0xF8, 0x1F, 0xC0,
    0x03, 0xFC, 0x1F, 0xC0, 0x01, 0xFE, 0x1F, 0xC0, 0x00, 0xFE, 0x00, 0x3F, 0xE0, 0x00, 0x01, 0xFF, 0xF8, 0x00, 0x03, 0xFF, 0xFE, 0x00, 0x07, 0xFF,
    0xFF, 0x00, 0x0F, 0xFF, 0xFF, 0x80, 0x1F, 0xE0, 0x7F, 0x80, 0x1F, 0xC0, 0x3F, 0xC0, 0x1F, 0x80, 0x1F, 0xC0, 0x1F, 0x80, 0x0F, 0xC0, 0x1F, 0x80,
    0x0F, 0xC0, 0x1F, 0xC0, 0x00, 0x00, 0x1F, 0xF0, 0x00, 0x00, 0x0F, 0xFF, 0x00, 0x00, 0x0F, 0xFF, 0xE0, 0x00, 0x07, 0xFF, 0xFC, 0x00, 0x03, 0xFF,
    0xFF, 0x00, 0x00, 0xFF, 0xFF, 0x80, 0x00, 0x3F, 0xFF, 0xC0, 0x00, 0x03, 0xFF, 0xC0, 0x00, 0x00, 0x3F, 0xE0, 0x00, 0x00, 0x0F, 0xE0, 0x07, 0x00,
    0x07, 0xE0, 0x3F, 0x00, 0x07, 0xE0, 0x3F, 0x80, 0x07, 0xE0, 0x3F, 0x80, 0x0F, 0xE0, 0x1F, 0xC0, 0x1F, 0xE0, 0x1F, 0xF0, 0x3F, 0xC0, 0x0F, 0xFF,
    0xFF, 0xC0, 0x0F, 0xFF, 0xFF, 0x80, 0x03, 0xFF, 0xFF, 0x00, 0x01, 0xFF, 0xFC, 0x00, 0x00, 0x3F, 0xE0, 0x00, 0x7F, 0xFF, 0xFF, 0xC0, 0x7F, 0xFF,
    0xFF, 0xC0, 0x7F, 0xFF, 0xFF, 0xC0, 0x7F, 0xFF, 0xFF, 0xC0, 0x7F, 0xFF, 0xFF, 0xC0, 0x00, 0x3F, 0x80, 0x00, 0x00, 0x3F, 0x80, 0x00, 0x00, 0x3F,
    0x80, 0x00, 0x00, 0x3F, 0x80, 0x00, 0x00, 0x3F, 0x80, 0x00, 0x00, 0x3F, 0x80, 0x00, 0x00, 0x3F, 0x80, 0x00, 0x00, 0x3F, 0x80, 0x00, 0x00, 0x3F,
    0x80, 0x00, 0x00, 0x3F, 0x80, 0x00, 0x00, 0x3F, 0x80, 0x00, 0x00, 0x3F, 0x80, 0x00, 0x00, 0x3F, 0x80, 0x00, 0x00, 0x3F, 0x80, 0x00, 0x00, 0x3F,
    0x80, 0x00, 0x00, 0x3F, 0x80, 0x00, 0x00, 0x3F, 0x80, 0x00, 0x00, 0x3F, 0x80, 0x00, 0x00, 0x3F, 0x80, 0x00, 0x00, 0x3F, 0x80, 0x00, 0x00, 0x3F,
    0x80, 0x00, 0x00, 0x3F, 0x80, 0x00, 0x00, 0x3F, 0x80, 0x00, 0x00, 0x3F, 0x80, 0x00, 0x00, 0x3F, 0x80, 0x00, 0x00, 0x3F, 0x80, 0x00, 0x00, 0x3F,
    0x80, 0x00, 0x1F, 0xC0, 0x03, 0xF0, 0x1F, 0xC0, 0x03, 0xF0, 0x1F, 0xC0, 0x03, 0xF0, 0x1F, 0xC0, 0x03, 0xF0, 0x1F, 0xC0, 0x03, 0xF0, 0x1F, 0xC0,
    0x03, 0xF0, 0x1F, 0xC0, 0x03, 0xF0, 0x1F, 0xC0, 0x03, 0xF0, 0x1F, 0xC0, 0x03, 0xF0, 0x1F, 0xC0, 0x03, 0xF0, 0x1F, 0xC0, 0x03, 0xF0, 0x1F, 0xC0,
    0x03, 0xF0, 0x1F, 0xC0, 0x03, 0xF0, 0x1F, 0xC0, 0x03, 0xF0, 0x1F, 0xC0, 0x03, 0xF0, 0x1F, 0xC0, 0x03, 0xF0, 0x1F, 0xC0, 0x03, 0xF0, 0x1F, 0xC0,
    0x03, 0xF0, 0x1F, 0xC0, 0x03, 0xF0, 0x1F, 0xC0, 0x03, 0xF0, 0x1F, 0xC0, 0x03, 0xF0, 0x1F, 0xC0, 0x03, 0xF0, 0x1F, 0xC0, 0x03, 0xF0, 0x0F, 0xC0,
    0x03, 0xF0, 0x0F, 0xE0, 0x07, 0xF0, 0x0F, 0xE0, 0x0F, 0xE0, 0x0F, 0xF8, 0x1F, 0xE0, 0x07, 0xFF, 0xFF, 0xC0, 0x03, 0xFF, 0xFF, 0xC0, 0x01, 0xFF,
    0xFF, 0x80, 0x00, 0xFF, 0xFE, 0x00, 0x00, 0x1F, 0xF8, 0x00, 0x7F, 0x00, 0x01, 0xFC, 0x3F, 0x00, 0x01, 0xFC, 0x3F, 0x80, 0x01, 0xF8, 0x3F, 0x80,
    0x03, 0xF8, 0x1F, 0x80, 0x03, 0xF8, 0x1F, 0xC0, 0x03, 0xF0, 0x1F, 0xC0, 0x07, 0xF0, 0x0F, 0xC0, 0x07, 0xF0, 0x0F, 0xE0, 0x07, 0xE0, 0x0F, 0xE0,
    0x07, 0xE0, 0x07, 0xE0, 0x0F, 0xE0, 0x07, 0xF0, 0x0F, 0xC0, 0x07, 0xF0, 0x0F, 0xC0, 0x03, 0xF0, 0x1F, 0xC0, 0x03, 0xF8, 0x1F, 0x80, 0x03, 0xF8,
    0x1F, 0x80, 0x01, 0xF8, 0x3F, 0x00, 0x01, 0xFC, 0x3F, 0x00, 0x01, 0xFC, 0x3F, 0x00, 0x00, 0xFC, 0x7E, 0x00, 0x00, 0xFE, 0x7E, 0x00, 0x00, 0x7E,
    0x7E, 0x00, 0x00, 0x7E, 0xFC, 0x00, 0x00, 0x7F, 0xFC, 0x00, 0x00, 0x3F, 0xFC, 0x00, 0x00, 0x3F, 0xF8, 0x00, 0x00, 0x3F, 0xF8, 0x00, 0x00, 0x1F,
    0xF8, 0x00, 0x00, 0x1F, 0xF0, 0x00, 0x00, 0x1F, 0xF0, 0x00, 0x00, 0x0F, 0xF0, 0x00, 0x00, 0x0F, 0xE0, 0x00, 0xFE, 0x00, 0x7F, 0x80, 0x1F, 0x80,
    0x7E, 0x00, 0x7F, 0x80, 0x1F, 0x80, 0x7E, 0x00, 0x7F, 0x80, 0x1F, 0x80, 0x7E, 0x00, 0xFF, 0xC0, 0x3F, 0x80, 0x7F, 0x00, 0xFF, 0xC0, 0x3F, 0x00,
    0x7F, 0x00, 0xFF, 0xC0, 0x3F, 0x00, 0x3F, 0x01, 0xFF, 0xC0, 0x3F, 0x00, 0x3F, 0x01, 0xFF, 0xE0, 0x7F, 0x00, 0x3F, 0x01, 0xFF, 0xE0, 0x7E, 0x00,
    0x3F, 0x81, 0xF7, 0xE0, 0x7E, 0x00, 0x1F, 0x83, 0xF7, 0xE0, 0x7E, 0x00, 0x1F, 0x83, 0xF3, 0xF0, 0x7E, 0x00, 0x1F, 0x83, 0xF3, 0xF0, 0xFC, 0x00,
    0x1F, 0xC3, 0xE3, 0xF0, 0xFC, 0x00, 0x0F, 0xC7, 0xE1, 0xF0, 0xFC, 0x00, 0x0F, 0xC7, 0xE1, 0xF8, 0xFC, 0x00, 0x0F, 0xC7, 0xE1, 0xF8, 0xFC, 0x00,
    0x0F, 0xC7, 0xC1, 0xF9, 0xF8, 0x00, 0x07, 0xEF, 0xC0, 0xF9, 0xF8, 0x00, 0x07, 0xEF, 0xC0, 0xFD, 0xF8, 0x00, 0x07, 0xEF, 0xC0, 0xFD, 0xF8, 0x00,
    0x07, 0xFF, 0x80, 0xFF, 0xF0, 0x00, 0x07, 0xFF, 0x80, 0x7F, 0xF0, 0x00, 0x03, 0xFF, 0x80, 0x7F, 0xF0, 0x00, 0x03, 0xFF, 0x80, 0x7F, 0xF0, 0x00,
    0x03, 0xFF, 0x00, 0x7F, 0xE0, 0x00, 0x03, 0xFF, 0x00, 0x3F, 0xE0, 0x00, 0x01, 0xFF, 0x00, 0x3F, 0xE0, 0x00, 0x01, 0xFE, 0x00, 0x3F, 0xE0, 0x00,
    0x01, 0xFE, 0x00, 0x3F, 0xC0, 0x00, 0x01, 0xFE, 0x00, 0x1F, 0xC0, 0x00, 0x00, 0xFE, 0x00, 0x1F, 0xC0, 0x00, 0x7F, 0x80, 0x07, 0xF0, 0x3F, 0x80,
    0x0F, 0xE0, 0x1F, 0xC0, 0x1F, 0xE0, 0x1F, 0xE0, 0x1F, 0xC0, 0x0F, 0xE0, 0x3F, 0x80, 0x07, 0xF0, 0x7F, 0x80, 0x07, 0xF8, 0x7F, 0x00, 0x03, 0xF8,
    0xFE, 0x00, 0x03, 0xFD, 0xFE, 0x00, 0x01, 0xFF, 0xFC, 0x00, 0x00, 0xFF, 0xFC, 0x00, 0x00, 0xFF, 0xF8, 0x00, 0x00, 0x7F, 0xF0, 0x00, 0x00, 0x3F,
    0xF0, 0x00, 0x00, 0x3F, 0xE0, 0x00, 0x00, 0x1F, 0xE0, 0x00, 0x00, 0x3F, 0xE0, 0x00, 0x00, 0x7F, 0xF0, 0x00, 0x00, 0x7F, 0xF0, 0x00, 0x00, 0xFF,
    0xF8, 0x00, 0x00, 0xFF, 0xFC, 0x00, 0x01, 0xFF, 0xFC, 0x00, 0x03, 0xFC, 0xFE, 0x00, 0x03, 0xF8, 0xFF, 0x00, 0x07, 0xF0, 0x7F, 0x00, 0x0F, 0xF0,
    0x7F, 0x80, 0x0F, 0xE0, 0x3F, 0xC0, 0x1F, 0xE0, 0x1F, 0xC0, 0x3F, 0xC0, 0x1F, 0xE0, 0x3F, 0x80, 0x0F, 0xF0, 0x7F, 0x80, 0x07, 0xF0, 0xFF, 0x00,
    0x07, 0xF8, 0x7F, 0x80, 0x01, 0xFC, 0x3F, 0x80, 0x03, 0xF8, 0x3F, 0xC0, 0x03, 0xF8, 0x1F, 0xC0, 0x07, 0xF0, 0x0F, 0xE0, 0x07, 0xF0, 0x0F, 0xF0,
    0x0F, 0xE0, 0x07, 0xF0, 0x1F, 0xC0, 0x03, 0xF8, 0x1F, 0xC0, 0x03, 0xF8, 0x3F, 0x80, 0x01, 0xFC, 0x3F, 0x00, 0x01, 0xFC, 0x7F, 0x00, 0x00, 0xFE,
    0x7E, 0x00, 0x00, 0x7F, 0xFE, 0x00, 0x00, 0x7F, 0xFC, 0x00, 0x00, 0x3F, 0xF8, 0x00, 0x00, 0x1F, 0xF8, 0x00, 0x00, 0x1F, 0xF0, 0x00, 0x00, 0x0F,
    0xE0, 0x00, 0x00, 0x0F, 0xE0, 0x00, 0x00, 0x0F, 0xE0, 0x00, 0x00, 0x0F, 0xE0, 0x00, 0x00, 0x0F, 0xE0, 0x00, 0x00, 0x0F, 0xE0, 0x00, 0x00, 0x0F,
    0xE0, 0x00, 0x00, 0x0F, 0xE0, 0x00, 0x00, 0x0F, 0xE0, 0x00, 0x00, 0x0F, 0xE0, 0x00, 0x00, 0x0F, 0xE0, 0x00, 0x00, 0x0F, 0xE0, 0x00, 0x00, 0x0F,
    0xE0, 0x00, 0x00, 0x0F, 0xE0, 0x00, 0x00, 0x0F, 0xE0, 0x00, 0x3F, 0xFF, 0xFF, 0x80, 0x3F, 0xFF, 0xFF, 0x80, 0x3F, 0xFF, 0xFF, 0x80, 0x3F, 0xFF,
    0xFF, 0x80, 0x3F, 0xFF, 0xFF, 0x80, 0x00, 0x00, 0x7F, 0x80, 0x00, 0x00, 0xFF, 0x00, 0x00, 0x01, 0xFE, 0x00, 0x00, 0x03, 0xFE, 0x00, 0x00, 0x07,
    0xFC, 0x00, 0x00, 0x07, 0xF8, 0x00, 0x00, 0x0F, 0xF0, 0x00, 0x00, 0x1F, 0xF0, 0x00, 0x00, 0x3F, 0xE0, 0x00, 0x00, 0x3F, 0xC0, 0x00, 0x00, 0x7F,
    0x80, 0x00, 0x00, 0xFF, 0x00, 0x00, 0x01, 0xFF, 0x00, 0x00, 0x03, 0xFE, 0x00, 0x00, 0x03, 0xFC, 0x00, 0x00, 0x07, 0xF8, 0x00, 0x00, 0x0F, 0xF0,
    0x00, 0x00, 0x1F, 0xF0, 0x00, 0x00, 0x3F, 0xE0, 0x00, 0x00, 0x3F, 0xC0, 0x00, 0x00, 0x7F, 0x80, 0x00, 0x00, 0xFF, 0x80, 0x00, 0x00, 0xFF, 0xFF,
    0xFF, 0xC0, 0xFF, 0xFF, 0xFF, 0xC0, 0xFF, 0xFF, 0xFF, 0xC0, 0xFF, 0xFF, 0xFF, 0xC0, 0xFF, 0xFF, 0xFF, 0xC0, 0x1F, 0xFC, 0x1F, 0xFC, 0x1F, 0xFC,
    0x1F, 0xFC, 0x1F, 0xFC, 0x1F, 0x80, 0x1F, 0x80, 0x1F, 0x80, 0x1F, 0x80, 0x1F, 0x80, 0x1F, 0x80, 0x1F, 0x80, 0x1F, 0x80, 0x1F, 0x80, 0x1F, 0x80,
    0x1F, 0x80, 0x1F, 0x80, 0x1F, 0x80, 0x1F, 0x80, 0x1F, 0x80, 0x1F, 0x80, 0x1F, 0x80, 0x1F, 0x80, 0x1F, 0x80, 0x1F, 0x80, 0x1F, 0x80, 0x1F, 0x80,
    0x1F, 0x80, 0x1F, 0x80, 0x1F, 0x80, 0x1F, 0x80, 0x1F, 0x80, 0x1F, 0x80, 0x1F, 0x80, 0x1F, 0x80, 0x1F, 0x80, 0x1F, 0xFC, 0x1F, 0xFC, 0x1F, 0xFC,
    0x1F, 0xFC, 0x1F, 0xFC, 0x7C, 0x00, 0x7C, 0x00, 0x3C, 0x00, 0x3C, 0x00, 0x3C, 0x00, 0x3E, 0x00, 0x1E, 0x00, 0x1E, 0x00, 0x1E, 0x00, 0x1F, 0x00,
    0x1F, 0x00, 0x0F, 0x00, 0x0F, 0x00, 0x0F, 0x80, 0x0F, 0x80, 0x07, 0x80, 0x07, 0x80, 0x07, 0xC0, 0x07, 0xC0, 0x03, 0xC0, 0x03, 0xC0, 0x03, 0xE0,
    0x03, 0xE0, 0x01, 0xE0, 0x01, 0xE0, 0x01, 0xF0, 0x01, 0xF0, 0x00, 0xF0, 0x00, 0xF0, 0x00, 0xF8, 0x00, 0xF8, 0x00, 0x78, 0x7F, 0xF0, 0x7F, 0xF0,
    0x7F, 0xF0, 0x7F, 0xF0, 0x7F, 0xF0, 0x03, 0xF0, 0x03, 0xF0, 0x03, 0xF0, 0x03, 0xF0, 0x03, 0xF0, 0x03, 0xF0, 0x03, 0xF0, 0x03, 0xF0, 0x03, 0xF0,
    0x03, 0xF0, 0x03, 0xF0, 0x03, 0xF0, 0x03, 0xF0, 0x03, 0xF0, 0x03, 0xF0, 0x03, 0xF0, 0x03, 0xF0, 0x03, 0xF0, 0x03, 0xF0, 0x03, 0xF0, 0x03, 0xF0,
    0x03, 0xF0, 0x03, 0xF0, 0x03, 0xF0, 0x03, 0xF0, 0x03, 0xF0, 0x03, 0xF0, 0x03, 0xF0, 0x03, 0xF0, 0x03, 0xF0, 0x03, 0xF0, 0x7F, 0xF0, 0x7F, 0xF0,
    0x7F, 0xF0, 0x7F, 0xF0, 0x7F, 0xF0, 0x00, 0x3F, 0x00, 0x00, 0x00, 0x3F, 0x00, 0x00, 0x00, 0x7F, 0x00, 0x00, 0x00, 0x7F, 0x80, 0x00, 0x00, 0xFF,
    0x80, 0x00, 0x00, 0xFF, 0xC0, 0x00, 0x01, 0xFF, 0xC0, 0x00, 0x01, 0xF7, 0xE0, 0x00, 0x01, 0xF3, 0xE0, 0x00, 0x03, 0xF3, 0xF0, 0x00, 0x03, 0xE3,
    0xF0, 0x00, 0x07, 0xE1, 0xF8, 0x00, 0x07, 0xC1, 0xF8, 0x00, 0x0F, 0xC0, 0xFC, 0x00, 0x0F, 0xC0, 0xFC, 0x00, 0x1F, 0x80, 0xFE, 0x00, 0x1F, 0x80,
    0x7E, 0x00, 0x00, 0x00, 0x00, 0x00, 0x00, 0x00, 0x00, 0x00, 0x00, 0x00, 0x00, 0x00, 0x00, 0x00, 0x00, 0x00, 0x00, 0x00, 0x00, 0x00, 0x00, 0x00,
    0x00, 0x00, 0x00, 0x00, 0x00, 0x00, 0x00, 0x00, 0x00, 0x00, 0x00, 0x00, 0x00, 0x00, 0x00, 0x00, 0x00, 0x00, 0x00, 0x00, 0x00, 0x00, 0x00, 0x00,
    0x00, 0x00, 0x00, 0x00, 0x00, 0x00, 0x00, 0x00, 0x00, 0x00, 0x00, 0x00, 0x00, 0x00, 0x00, 0x00, 0x00, 0x00, 0x00, 0x00, 0x00, 0x00, 0x00, 0x00,
    0x00, 0x00, 0x00, 0x00, 0x00, 0x00, 0x7F, 0xFF, 0xFF, 0xC0, 0x7F, 0xFF, 0xFF, 0xC0, 0x7F, 0xFF, 0xFF, 0xC0, 0x7F, 0xFF, 0xFF, 0xC0, 0x7F, 0xFF,
    0xFF, 0xC0, 0x7F, 0x00, 0x3F, 0x00, 0x1F, 0x80, 0x0F, 0x80, 0x07, 0xC0, 0x03, 0xC0, 0x00, 0x00, 0x00, 0x00, 0x00, 0x00, 0x00, 0x00, 0x00, 0x00,
    0x00, 0x00, 0x00, 0x00, 0x00, 0x00, 0x00, 0x00, 0x00, 0x00, 0x00, 0x00, 0x00, 0x00, 0x00, 0x00, 0x00, 0x00, 0x00, 0x00, 0x00, 0x00, 0x00, 0x00,
    0x00, 0x00, 0x00, 0x00, 0x00, 0x00, 0x00, 0x00, 0x00, 0x00, 0x00, 0x00, 0x00, 0x00, 0x00, 0x00, 0x00, 0x00, 0x00, 0xFF, 0x80, 0x03, 0xFF, 0xE0,
    0x07, 0xFF, 0xF0, 0x0F, 0xFF, 0xF8, 0x1F, 0xFF, 0xF8, 0x1F, 0x83, 0xF8, 0x3F, 0x01, 0xFC, 0x07, 0x00, 0xFC, 0x00, 0x00, 0xFC, 0x00, 0x03, 0xFC,
    0x00, 0x3F, 0xFC, 0x03, 0xFF, 0xFC, 0x0F, 0xFF, 0xFC, 0x1F, 0xFC, 0xFC, 0x3F, 0x80, 0xFC, 0x3F, 0x00, 0xFC, 0x3F, 0x01, 0xFC, 0x3F, 0x01, 0xFC,
    0x3F, 0x87, 0xFC, 0x3F, 0xFF, 0xFC, 0x3F, 0xFF, 0xFC, 0x1F, 0xFE, 0xFC, 0x0F, 0xFC, 0x7C, 0x03, 0xF0, 0x7E, 0x1F, 0x80, 0x00, 0x00, 0x1F, 0x80,
    0x00, 0x00, 0x1F, 0x80, 0x00, 0x00, 0x1F, 0x80, 0x00, 0x00, 0x1F, 0x80, 0x00, 0x00, 0x1F, 0x80, 0x00, 0x00, 0x1F, 0x80, 0x00, 0x00, 0x1F, 0x80,
    0x00, 0x00, 0x1F, 0x87, 0xE0, 0x00, 0x1F, 0x9F, 0xF8, 0x00, 0x1F, 0xBF, 0xFC, 0x00, 0x1F, 0xFF, 0xFE, 0x00, 0x1F, 0xFF, 0xFE, 0x00, 0x1F, 0xF0,
    0xFF, 0x00, 0x1F, 0xE0, 0x7F, 0x00, 0x1F, 0xC0, 0x3F, 0x80, 0x1F, 0x80, 0x1F, 0x80, 0x1F, 0x80, 0x1F, 0x80, 0x1F, 0x80, 0x1F, 0x80, 0x1F, 0x80,
    0x1F, 0x80, 0x1F, 0x80, 0x1F, 0x80, 0x1F, 0x80, 0x1F, 0x80, 0x1F, 0x80, 0x1F, 0x80, 0x1F, 0x80, 0x1F, 0x80, 0x1F, 0xC0, 0x3F, 0x80, 0x1F, 0xE0,
    0x7F, 0x00, 0x1F, 0xF0, 0xFF, 0x00, 0x1F, 0xFF, 0xFE, 0x00, 0x1F, 0xFF, 0xFE, 0x00, 0x1F, 0xFF, 0xFC, 0x00, 0x1F, 0xBF, 0xF0, 0x00, 0x1F, 0x87,
    0xC0, 0x00, 0x00, 0x7F, 0x80, 0x01, 0xFF, 0xE0, 0x03, 0xFF, 0xF0, 0x07, 0xFF, 0xF8, 0x0F, 0xFF, 0xFC, 0x1F, 0xE1, 0xFC, 0x1F, 0x80, 0xFE, 0x3F,
    0x80, 0x7E, 0x3F, 0x00, 0x70, 0x3F, 0x00, 0x00, 0x3F, 0x00, 0x00, 0x3F, 0x00, 0x00, 0x3F, 0x00, 0x00, 0x3F, 0x00, 0x00, 0x3F, 0x00, 0x00, 0x3F,
    0x00, 0x70, 0x3F, 0x80, 0x7E, 0x1F, 0xC0, 0xFE, 0x1F, 0xE1, 0xFC, 0x0F, 0xFF, 0xFC, 0x07, 0xFF, 0xF8, 0x03, 0xFF, 0xF0, 0x01, 0xFF, 0xE0, 0x00,
    0x7F, 0x80, 0x00, 0x00, 0x3F, 0x00, 0x00, 0x00, 0x3F, 0x00, 0x00, 0x00, 0x3F, 0x00, 0x00, 0x00, 0x3F, 0x00, 0x00, 0x00, 0x3F, 0x00, 0x00, 0x00,
    0x3F, 0x00, 0x00, 0x00, 0x3F, 0x00, 0x00, 0x00, 0x3F, 0x00, 0x00, 0xFC, 0x3F, 0x00, 0x03, 0xFF, 0x3F, 0x00, 0x07, 0xFF, 0xBF, 0x00, 0x0F, 0xFF,
    0xFF, 0x00, 0x0F, 0xFF, 0xFF, 0x00, 0x1F, 0xE1, 0xFF, 0x00, 0x1F, 0xC0, 0xFF, 0x00, 0x3F, 0x80, 0x7F, 0x00, 0x3F, 0x00, 0x3F, 0x00, 0x3F, 0x00,
    0x3F, 0x00, 0x3F, 0x00, 0x3F, 0x00, 0x3F, 0x00, 0x3F, 0x00, 0x3F, 0x00, 0x3F, 0x00, 0x3F, 0x00, 0x3F, 0x00, 0x3F, 0x00, 0x3F, 0x00, 0x3F, 0x00,
    0x3F, 0x00, 0x3F, 0x80, 0x7F, 0x00, 0x1F, 0xC0, 0xFF, 0x00, 0x1F, 0xE1, 0xFF, 0x00, 0x0F, 0xFF, 0xFF, 0x00, 0x0F, 0xFF, 0xFF, 0x00, 0x07, 0xFF,
    0xFF, 0x00, 0x01, 0xFF, 0xBF, 0x00, 0x00, 0x7C, 0x3F, 0x00, 0x00, 0x7E, 0x00, 0x01, 0xFF, 0xC0, 0x07, 0xFF, 0xE0, 0x0F, 0xFF, 0xF0, 0x1F, 0xFF,
    0xF8, 0x1F, 0xC3, 0xF8, 0x3F, 0x80, 0xFC, 0x3F, 0x00, 0xFC, 0x3F, 0x00, 0x7C, 0x3F, 0x00, 0x7C, 0x3F, 0xFF, 0xFE, 0x7F, 0xFF, 0xFE, 0x7F, 0xFF,
    0xFE, 0x7F, 0xFF, 0xFE, 0x3F, 0x00, 0x00, 0x3F, 0x00, 0x00, 0x3F, 0x00, 0x00, 0x3F, 0x80, 0xE0, 0x1F, 0xC1, 0xFC, 0x1F, 0xFF, 0xFC, 0x0F, 0xFF,
    0xF8, 0x07, 0xFF, 0xF0, 0x03, 0xFF, 0xE0, 0x00, 0x7F, 0x00, 0x00, 0xFE, 0x03, 0xFF, 0x07, 0xFF, 0x0F, 0xFE, 0x0F, 0xFE, 0x0F, 0xE0, 0x0F, 0xC0,
    0x0F, 0xC0, 0x0F, 0xC0, 0x7F, 0xFC, 0x7F, 0xFC, 0x7F, 0xFC, 0x7F, 0xFC, 0x7F, 0xFC, 0x0F, 0xC0, 0x0F, 0xC0, 0x0F, 0xC0, 0x0F, 0xC0, 0x0F, 0xC0,
    0x0F, 0xC0, 0x0F, 0xC0, 0x0F, 0xC0, 0x0F, 0xC0, 0x0F, 0xC0, 0x0F, 0xC0, 0x0F, 0xC0, 0x0F, 0xC0, 0x0F, 0xC0, 0x0F, 0xC0, 0x0F, 0xC0, 0x0F, 0xC0,
    0x0F, 0xC0, 0x00, 0x7C, 0x00, 0x00, 0x03, 0xFF, 0x3F, 0x00, 0x07, 0xFF, 0xBF, 0x00, 0x0F, 0xFF, 0xFF, 0x00, 0x0F, 0xFF, 0xFF, 0x00, 0x1F, 0xE1,
    0xFF, 0x00, 0x1F, 0xC0, 0xFF, 0x00, 0x3F, 0x80, 0x7F, 0x00, 0x3F, 0x00, 0x3F, 0x00, 0x3F, 0x00, 0x3F, 0x00, 0x3F, 0x00, 0x3F, 0x00, 0x3F, 0x00,
    0x3F, 0x00, 0x3F, 0x00, 0x3F, 0x00, 0x3F, 0x00, 0x3F, 0x00, 0x3F, 0x00, 0x3F, 0x00, 0x3F, 0x00, 0x3F, 0x00, 0x3F, 0x80, 0x7F, 0x00, 0x1F, 0xC0,
    0xFF, 0x00, 0x1F, 0xE1, 0xFF, 0x00, 0x0F, 0xFF, 0xFF, 0x00, 0x0F, 0xFF, 0xFF, 0x00, 0x07, 0xFF, 0xBF, 0x00, 0x03, 0xFF, 0x3F, 0x00, 0x00, 0xFC,
    0x3F, 0x00, 0x00, 0x00, 0x3F, 0x00, 0x1C, 0x00, 0x3F, 0x00, 0x1F, 0xC0, 0x7F, 0x00, 0x1F, 0xE0, 0xFE, 0x00, 0x1F, 0xFF, 0xFE, 0x00, 0x0F, 0xFF,
    0xFC, 0x00, 0x07, 0xFF, 0xFC, 0x00, 0x03, 0xFF, 0xF0, 0x00, 0x00, 0xFF, 0xC0, 0x00, 0x1F, 0x80, 0x00, 0x00, 0x1F, 0x80, 0x00, 0x00, 0x1F, 0x80,
    0x00, 0x00, 0x1F, 0x80, 0x00, 0x00, 0x1F, 0x80, 0x00, 0x00, 0x1F, 0x80, 0x00, 0x00, 0x1F, 0x80, 0x00, 0x00, 0x1F, 0x80, 0x00, 0x00, 0x1F, 0x83,
    0xE0, 0x00, 0x1F, 0x8F, 0xF8, 0x00, 0x1F, 0xBF, 0xFC, 0x00, 0x1F, 0xFF, 0xFE, 0x00, 0x1F, 0xFF, 0xFE, 0x00, 0x1F, 0xF0, 0xFF, 0x00, 0x1F, 0xE0,
    0x7F, 0x00, 0x1F, 0xC0, 0x3F, 0x00, 0x1F, 0xC0, 0x3F, 0x00, 0x1F, 0x80, 0x3F, 0x00, 0x1F, 0x80, 0x3F, 0x00, 0x1F, 0x80, 0x3F, 0x00, 0x1F, 0x80,
    0x3F, 0x00, 0x1F, 0x80, 0x3F, 0x00, 0x1F, 0x80, 0x3F, 0x00, 0x1F, 0x80, 0x3F, 0x00, 0x1F, 0x80, 0x3F, 0x00, 0x1F, 0x80, 0x3F, 0x00, 0x1F, 0x80,
    0x3F, 0x00, 0x1F, 0x80, 0x3F, 0x00, 0x1F, 0x80, 0x3F, 0x00, 0x1F, 0x80, 0x3F, 0x00, 0x1F, 0x80, 0x3F, 0x00, 0x1F, 0x80, 0x3F, 0x00, 0x1F, 0x80,
    0x1F, 0x80, 0x1F, 0x80, 0x1F, 0x80, 0x1F, 0x80, 0x00, 0x00, 0x00, 0x00, 0x00, 0x00, 0x00, 0x00, 0x1F, 0x80, 0x1F, 0x80, 0x1F, 0x80, 0x1F, 0x80,
    0x1F, 0x80, 0x1F, 0x80, 0x1F, 0x80, 0x1F, 0x80, 0x1F, 0x80, 0x1F, 0x80, 0x1F, 0x80, 0x1F, 0x80, 0x1F, 0x80, 0x1F, 0x80, 0x1F, 0x80, 0x1F, 0x80,
    0x1F, 0x80, 0x1F, 0x80, 0x1F, 0x80, 0x1F, 0x80, 0x1F, 0x80, 0x1F, 0x80, 0x1F, 0x80, 0x03, 0xF0, 0x03, 0xF0, 0x03, 0xF0, 0x03, 0xF0, 0x03, 0xF0,
    0x00, 0x00, 0x00, 0x00, 0x00, 0x00, 0x00, 0x00, 0x03, 0xF0, 0x03, 0xF0, 0x03, 0xF0, 0x03, 0xF0, 0x03, 0xF0, 0x03, 0xF0, 0x03, 0xF0, 0x03, 0xF0,
    0x03, 0xF0, 0x03, 0xF0, 0x03, 0xF0, 0x03, 0xF0, 0x03, 0xF0, 0x03, 0xF0, 0x03, 0xF0, 0x03, 0xF0, 0x03, 0xF0, 0x03, 0xF0, 0x03, 0xF0, 0x03, 0xF0,
    0x03, 0xF0, 0x03, 0xF0, 0x03, 0xF0, 0x03, 0xF0, 0x03, 0xF0, 0x03, 0xF0, 0x07, 0xF0, 0x3F, 0xF0, 0x3F, 0xE0, 0x7F, 0xE0, 0x7F, 0xC0, 0x7F, 0x00,
    0x1F, 0x80, 0x00, 0x00, 0x1F, 0x80, 0x00, 0x00, 0x1F, 0x80, 0x00, 0x00, 0x1F, 0x80, 0x00, 0x00, 0x1F, 0x80, 0x00, 0x00, 0x1F, 0x80, 0x00, 0x00,
    0x1F, 0x80, 0x00, 0x00, 0x1F, 0x80, 0x00, 0x00, 0x1F, 0x80, 0x00, 0x00, 0x1F, 0x80, 0xFE, 0x00, 0x1F, 0x81, 0xFC, 0x00, 0x1F, 0x83, 0xF8, 0x00,
    0x1F, 0x87, 0xF0, 0x00, 0x1F, 0x8F, 0xE0, 0x00, 0x1F, 0x9F, 0xC0, 0x00, 0x1F, 0xBF, 0x80, 0x00, 0x1F, 0xBF, 0x80, 0x00, 0x1F, 0xFF, 0x00, 0x00,
    0x1F, 0xFF, 0x00, 0x00, 0x1F, 0xFF, 0x80, 0x00, 0x1F, 0xFF, 0x80, 0x00, 0x1F, 0xFF, 0xC0, 0x00, 0x1F, 0xEF, 0xE0, 0x00, 0x1F, 0xC7, 0xE0, 0x00,
    0x1F, 0x87, 0xF0, 0x00, 0x1F, 0x83, 0xF0, 0x00, 0x1F, 0x83, 0xF8, 0x00, 0x1F, 0x81, 0xF8, 0x00, 0x1F, 0x80, 0xFC, 0x00, 0x1F, 0x80, 0xFE, 0x00,
    0x1F, 0x80, 0x7E, 0x00, 0x1F, 0x80, 0x7F, 0x00, 0x1F, 0x80, 0x1F, 0x80, 0x1F, 0x80, 0x1F, 0x80, 0x1F, 0x80, 0x1F, 0x80, 0x1F, 0x80, 0x1F, 0x80,
    0x1F, 0x80, 0x1F, 0x80, 0x1F, 0x80, 0x1F, 0x80, 0x1F, 0x80, 0x1F, 0x80, 0x1F, 0x80, 0x1F, 0x80, 0x1F, 0x80, 0x1F, 0x80, 0x1F, 0x80, 0x1F, 0x80,
    0x1F, 0x80, 0x1F, 0x80, 0x1F, 0x80, 0x1F, 0x80, 0x1F, 0x80, 0x1F, 0x80, 0x1F, 0x80, 0x1F, 0x80, 0x1F, 0x80, 0x1F, 0x80, 0x1F, 0x80, 0x1F, 0x80,
    0x00, 0x07, 0xC0, 0x3F, 0x00, 0x1F, 0x1F, 0xF0, 0xFF, 0xC0, 0x1F, 0x3F, 0xF9, 0xFF, 0xE0, 0x1F, 0xFF, 0xFF, 0xFF, 0xE0, 0x1F, 0xFF, 0xFF, 0xFF,
    0xF0, 0x1F, 0xE1, 0xFF, 0x87, 0xF0, 0x1F, 0xC0, 0xFF, 0x03, 0xF0, 0x1F, 0x80, 0xFE, 0x03, 0xF0, 0x1F, 0x80, 0xFE, 0x03, 0xF0, 0x1F, 0x80, 0xFE,
    0x03, 0xF0, 0x1F, 0x80, 0xFE, 0x03, 0xF0, 0x1F, 0x80, 0x7E, 0x03, 0xF0, 0x1F, 0x80, 0x7E, 0x03, 0xF0, 0x1F, 0x80, 0x7E, 0x03, 0xF0, 0x1F, 0x80,
    0x7E, 0x03, 0xF0, 0x1F, 0x80, 0x7E, 0x03, 0xF0, 0x1F, 0x80, 0x7E, 0x03, 0xF0, 0x1F, 0x80, 0x7E, 0x03, 0xF0, 0x1F, 0x80, 0x7E, 0x03, 0xF0, 0x1F,
    0x80, 0x7E, 0x03, 0xF0, 0x1F, 0x80, 0x7E, 0x03, 0xF0, 0x1F, 0x80, 0x7E, 0x03, 0xF0, 0x1F, 0x80, 0x7E, 0x03, 0xF0, 0x1F, 0x80, 0x7E, 0x03, 0xF0,
    0x00, 0x07, 0xE0, 0x00, 0x1F, 0x9F, 0xF8, 0x00, 0x1F, 0xBF, 0xFC, 0x00, 0x1F, 0xFF, 0xFE, 0x00, 0x1F, 0xFF, 0xFE, 0x00, 0x1F, 0xF0, 0xFF, 0x00,
    0x1F, 0xE0, 0x7F, 0x00, 0x1F, 0xC0, 0x3F, 0x00, 0x1F, 0xC0, 0x3F, 0x00, 0x1F, 0x80, 0x3F, 0x00, 0x1F, 0x80, 0x3F, 0x00, 0x1F, 0x80, 0x3F, 0x00,
    0x1F, 0x80, 0x3F, 0x00, 0x1F, 0x80, 0x3F, 0x00, 0x1F, 0x80, 0x3F, 0x00, 0x1F, 0x80, 0x3F, 0x00, 0x1F, 0x80, 0x3F, 0x00, 0x1F, 0x80, 0x3F, 0x00,
    0x1F, 0x80, 0x3F, 0x00, 0x1F, 0x80, 0x3F, 0x00, 0x1F, 0x80, 0x3F, 0x00, 0x1F, 0x80, 0x3F, 0x00, 0x1F, 0x80, 0x3F, 0x00, 0x1F, 0x80, 0x3F, 0x00,
    0x00, 0x3F, 0x80, 0x00, 0x00, 0xFF, 0xE0, 0x00, 0x03, 0xFF, 0xF8, 0x00, 0x07, 0xFF, 0xFC, 0x00, 0x0F, 0xFF, 0xFE, 0x00, 0x1F, 0xE0, 0xFF, 0x00,
    0x1F, 0xC0, 0x7F, 0x00, 0x1F, 0x80, 0x3F, 0x80, 0x3F, 0x80, 0x3F, 0x80, 0x3F, 0x00, 0x1F, 0x80, 0x3F, 0x00, 0x1F, 0x80, 0x3F, 0x00, 0x1F, 0x80,
    0x3F, 0x00, 0x1F, 0x80, 0x3F, 0x00, 0x1F, 0x80, 0x3F, 0x00, 0x1F, 0x80, 0x3F, 0x80, 0x3F, 0x80, 0x3F, 0x80, 0x3F, 0x80, 0x1F, 0xC0, 0x7F, 0x00,
    0x1F, 0xE0, 0xFF, 0x00, 0x0F, 0xFF, 0xFE, 0x00, 0x07, 0xFF, 0xFC, 0x00, 0x03, 0xFF, 0xF8, 0x00, 0x01, 0xFF, 0xE0, 0x00, 0x00, 0x3F, 0x80, 0x00,
    0x00, 0x07, 0xE0, 0x00, 0x1F, 0x9F, 0xF8, 0x00, 0x1F, 0xBF, 0xFC, 0x00, 0x1F, 0xFF, 0xFE, 0x00, 0x1F, 0xFF, 0xFE, 0x00, 0x1F, 0xF0, 0xFF, 0x00,
    0x1F, 0xE0, 0x7F, 0x00, 0x1F, 0xC0, 0x3F, 0x80, 0x1F, 0x80, 0x1F, 0x80, 0x1F, 0x80, 0x1F, 0x80, 0x1F, 0x80, 0x1F, 0x80, 0x1F, 0x80, 0x1F, 0x80,
    0x1F, 0x80, 0x1F, 0x80, 0x1F, 0x80, 0x1F, 0x80, 0x1F, 0x80, 0x1F, 0x80, 0x1F, 0xC0, 0x1F, 0x80, 0x1F, 0xC0, 0x3F, 0x80, 0x1F, 0xE0, 0x3F, 0x00,
    0x1F, 0xF0, 0xFF, 0x00, 0x1F, 0xFF, 0xFE, 0x00, 0x1F, 0xFF, 0xFE, 0x00, 0x1F, 0xBF, 0xFC, 0x00, 0x1F, 0x9F, 0xF8, 0x00, 0x1F, 0x87, 0xC0, 0x00,
    0x1F, 0x80, 0x00, 0x00, 0x1F, 0x80, 0x00, 0x00, 0x1F, 0x80, 0x00, 0x00, 0x1F, 0x80, 0x00, 0x00, 0x1F, 0x80, 0x00, 0x00, 0x1F, 0x80, 0x00, 0x00,
    0x1F, 0x80, 0x00, 0x00, 0x1F, 0x80, 0x00, 0x00, 0x1F, 0x80, 0x00, 0x00, 0x00, 0x7C, 0x00, 0x00, 0x01, 0xFF, 0x1F, 0x00, 0x07, 0xFF, 0x9F, 0x00,
    0x0F, 0xFF, 0xDF, 0x00, 0x0F, 0xFF, 0xFF, 0x00, 0x1F, 0xE1, 0xFF, 0x00, 0x1F, 0xC0, 0x7F, 0x00, 0x3F, 0x80, 0x7F, 0x00, 0x3F, 0x80, 0x3F, 0x00,
    0x3F, 0x00, 0x3F, 0x00, 0x3F, 0x00, 0x3F, 0x00, 0x3F, 0x00, 0x3F, 0x00, 0x3F, 0x00, 0x3F, 0x00, 0x3F, 0x00, 0x3F, 0x00, 0x3F, 0x00, 0x3F, 0x00,
    0x3F, 0x80, 0x3F, 0x00, 0x1F, 0x80, 0x7F, 0x00, 0x1F, 0xC0, 0xFF, 0x00, 0x1F, 0xE1, 0xFF, 0x00, 0x0F, 0xFF, 0xFF, 0x00, 0x07, 0xFF, 0xFF, 0x00,
    0x07, 0xFF, 0xBF, 0x00, 0x01, 0xFF, 0x3F, 0x00, 0x00, 0xFC, 0x3F, 0x00, 0x00, 0x00, 0x3F, 0x00, 0x00, 0x00, 0x3F, 0x00, 0x00, 0x00, 0x3F, 0x00,
    0x00, 0x00, 0x3F, 0x00, 0x00, 0x00, 0x3F, 0x00, 0x00, 0x00, 0x3F, 0x00, 0x00, 0x00, 0x3F, 0x00, 0x00, 0x00, 0x3F, 0x00, 0x00, 0x00, 0x3F, 0x00,
    0x00, 0x0F, 0x00, 0x1F, 0x9F, 0xC0, 0x1F, 0xBF, 0x80, 0x1F, 0xFF, 0x80, 0x1F, 0xFF, 0x80, 0x1F, 0xFF, 0x00, 0x1F, 0xE1, 0x00, 0x1F, 0xC0, 0x00,
    0x1F, 0xC0, 0x00, 0x1F, 0x80, 0x00, 0x1F, 0x80, 0x00, 0x1F, 0x80, 0x00, 0x1F, 0x80, 0x00, 0x1F, 0x80, 0x00, 0x1F, 0x80, 0x00, 0x1F, 0x80, 0x00,
    0x1F, 0x80, 0x00, 0x1F, 0x80, 0x00, 0x1F, 0x80, 0x00, 0x1F, 0x80, 0x00, 0x1F, 0x80, 0x00, 0x1F, 0x80, 0x00, 0x1F, 0x80, 0x00, 0x1F, 0x80, 0x00,
    0x01, 0xFF, 0x00, 0x07, 0xFF, 0xC0, 0x0F, 0xFF, 0xF0, 0x1F, 0xFF, 0xF0, 0x3F, 0xFF, 0xF8, 0x3F, 0x03, 0xF8, 0x3F, 0x00, 0xE0, 0x3F, 0x00, 0x00,
    0x3F, 0xC0, 0x00, 0x3F, 0xFC, 0x00, 0x1F, 0xFF, 0xC0, 0x0F, 0xFF, 0xF0, 0x07, 0xFF, 0xF8, 0x00, 0xFF, 0xFC, 0x00, 0x0F, 0xFC, 0x00, 0x00, 0xFC,
    0x0E, 0x00, 0xFC, 0x7F, 0x00, 0xFC, 0x3F, 0x81, 0xFC, 0x3F, 0xFF, 0xFC, 0x1F, 0xFF, 0xF8, 0x0F, 0xFF, 0xF0, 0x07, 0xFF, 0xE0, 0x00, 0xFF, 0x00,
    0x00, 0x00, 0x01, 0x80, 0x03, 0x80, 0x0F, 0x80, 0x1F, 0x80, 0x1F, 0x80, 0x1F, 0x80, 0x1F, 0x80, 0x7F, 0xFC, 0x7F, 0xFC, 0x7F, 0xFC, 0x7F, 0xFC,
    0x7F, 0xFC, 0x1F, 0x80, 0x1F, 0x80, 0x1F, 0x80, 0x1F, 0x80, 0x1F, 0x80, 0x1F, 0x80, 0x1F, 0x80, 0x1F, 0x80, 0x1F, 0x80, 0x1F, 0x80, 0x1F, 0xC0,
    0x1F, 0xC0, 0x0F, 0xC0, 0x0F, 0xFC, 0x0F, 0xFC, 0x0F, 0xFC, 0x07, 0xFC, 0x01, 0xF8, 0x1F, 0x80, 0x3F, 0x00, 0x1F, 0x80, 0x3F, 0x00, 0x1F, 0x80,
    0x3F, 0x00, 0x1F, 0x80, 0x3F, 0x00, 0x1F, 0x80, 0x3F, 0x00, 0x1F, 0x80, 0x3F, 0x00, 0x1F, 0x80, 0x3F, 0x00, 0x1F, 0x80, 0x3F, 0x00, 0x1F, 0x80,
    0x3F, 0x00, 0x1F, 0x80, 0x3F, 0x00, 0x1F, 0x80, 0x3F, 0x00, 0x1F, 0x80, 0x3F, 0x00, 0x1F, 0x80, 0x3F, 0x00, 0x1F, 0x80, 0x3F, 0x00, 0x1F, 0x80,
    0x7F, 0x00, 0x1F, 0x80, 0x7F, 0x00, 0x1F, 0xC0, 0xFF, 0x00, 0x1F, 0xE1, 0xFF, 0x00, 0x0F, 0xFF, 0xFF, 0x00, 0x0F, 0xFF, 0xFF, 0x00, 0x07, 0xFF,
    0xBF, 0x00, 0x03, 0xFF, 0x3F, 0x00, 0x00, 0xFC, 0x3F, 0x00, 0xFE, 0x00, 0x3F, 0x7E, 0x00, 0x7E, 0x7E, 0x00, 0x7E, 0x3F, 0x00, 0xFE, 0x3F, 0x00,
    0xFC, 0x3F, 0x80, 0xFC, 0x1F, 0x81, 0xF8, 0x1F, 0x81, 0xF8, 0x0F, 0xC1, 0xF8, 0x0F, 0xC3, 0xF0, 0x0F, 0xC3, 0xF0, 0x07, 0xE7, 0xE0, 0x07, 0xE7,
    0xE0, 0x03, 0xE7, 0xE0, 0x03, 0xF7, 0xC0, 0x03, 0xFF, 0xC0, 0x01, 0xFF, 0x80, 0x01, 0xFF, 0x80, 0x00, 0xFF, 0x80, 0x00, 0xFF, 0x00, 0x00, 0xFF,
    0x00, 0x00, 0x7E, 0x00, 0x00, 0x7E, 0x00, 0xFC, 0x03, 0xF0, 0x0F, 0xC0, 0x7C, 0x03, 0xF0, 0x0F, 0xC0, 0x7E, 0x03, 0xF8, 0x0F, 0x80, 0x7E, 0x07,
    0xF8, 0x1F, 0x80, 0x3E, 0x07, 0xF8, 0x1F, 0x80, 0x3F, 0x07, 0xF8, 0x1F, 0x00, 0x3F, 0x07, 0xFC, 0x3F, 0x00, 0x1F, 0x0F, 0xFC, 0x3F, 0x00, 0x1F,
    0x0F, 0xFC, 0x3E, 0x00, 0x1F, 0x8F, 0xFC, 0x3E, 0x00, 0x1F, 0x8F, 0xBE, 0x7E, 0x00, 0x0F, 0x9F, 0x3E, 0x7E, 0x00, 0x0F, 0xDF, 0x3E, 0x7C, 0x00,
    0x0F, 0xDF, 0x1E, 0xFC, 0x00, 0x07, 0xFE, 0x1F, 0xFC, 0x00, 0x07, 0xFE, 0x1F, 0xF8, 0x00, 0x07, 0xFE, 0x1F, 0xF8, 0x00, 0x03, 0xFE, 0x0F, 0xF8,
    0x00, 0x03, 0xFC, 0x0F, 0xF0, 0x00, 0x03, 0xFC, 0x0F, 0xF0, 0x00, 0x01, 0xFC, 0x0F, 0xF0, 0x00, 0x01, 0xFC, 0x07, 0xE0, 0x00, 0x01, 0xF8, 0x07,
    0xE0, 0x00, 0x7F, 0x00, 0xFE, 0x00, 0x3F, 0x81, 0xFC, 0x00, 0x3F, 0xC1, 0xFC, 0x00, 0x1F, 0xC3, 0xF8, 0x00, 0x0F, 0xE7, 0xF0, 0x00, 0x0F, 0xE7,
    0xE0, 0x00, 0x07, 0xFF, 0xE0, 0x00, 0x03, 0xFF, 0xC0, 0x00, 0x01, 0xFF, 0x80, 0x00, 0x01, 0xFF, 0x80, 0x00, 0x00, 0xFF, 0x00, 0x00, 0x00, 0xFF,
    0x00, 0x00, 0x00, 0xFF, 0x80, 0x00, 0x01, 0xFF, 0x80, 0x00, 0x03, 0xFF, 0xC0, 0x00, 0x07, 0xFF, 0xE0, 0x00, 0x07, 0xFF, 0xF0, 0x00, 0x0F, 0xE7,
    0xF0, 0x00, 0x1F, 0xC3, 0xF8, 0x00, 0x1F, 0xC3, 0xFC, 0x00, 0x3F, 0x81, 0xFC, 0x00, 0x7F, 0x00, 0xFE, 0x00, 0x7F, 0x00, 0xFF, 0x00, 0xFE, 0x00,
    0x7F, 0x7E, 0x00, 0x7E, 0x7F, 0x00, 0x7E, 0x3F, 0x00, 0xFC, 0x3F, 0x00, 0xFC, 0x3F, 0x80, 0xFC, 0x1F, 0x81, 0xF8, 0x1F, 0x81, 0xF8, 0x0F, 0xC1,
    0xF8, 0x0F, 0xC3, 0xF0, 0x0F, 0xC3, 0xF0, 0x07, 0xE3, 0xF0, 0x07, 0xE7, 0xE0, 0x07, 0xE7, 0xE0, 0x03, 0xF7, 0xC0, 0x03, 0xFF, 0xC0, 0x01, 0xFF,
    0xC0, 0x01, 0xFF, 0x80, 0x01, 0xFF, 0x80, 0x00, 0xFF, 0x80, 0x00, 0xFF, 0x00, 0x00, 0xFF, 0x00, 0x00, 0x7F, 0x00, 0x00, 0x7E, 0x00, 0x00, 0xFE,
    0x00, 0x00, 0xFC, 0x00, 0x01, 0xFC, 0x00, 0x3F, 0xF8, 0x00, 0x3F, 0xF8, 0x00, 0x3F, 0xF0, 0x00, 0x3F, 0xE0, 0x00, 0x1F, 0x80, 0x00, 0x3F, 0xFF,
    0xF0, 0x3F, 0xFF, 0xF0, 0x3F, 0xFF, 0xF0, 0x3F, 0xFF, 0xF0, 0x3F, 0xFF, 0xF0, 0x00, 0x0F, 0xF0, 0x00, 0x1F, 0xE0, 0x00, 0x3F, 0xC0, 0x00, 0x7F,
    0x80, 0x00, 0xFF, 0x00, 0x01, 0xFF, 0x00, 0x03, 0xFE, 0x00, 0x03, 0xFC, 0x00, 0x07, 0xF8, 0x00, 0x0F, 0xF0, 0x00, 0x1F, 0xE0, 0x00, 0x3F, 0xC0,
    0x00, 0x7F, 0x80, 0x00, 0x7F, 0xFF, 0xF8, 0x7F, 0xFF, 0xF8, 0x7F, 0xFF, 0xF8, 0x7F, 0xFF, 0xF8, 0x7F, 0xFF, 0xF8, 0x00, 0x3F, 0x00, 0x00, 0xFF,
    0x00, 0x01, 0xFF, 0x00, 0x01, 0xFF, 0x00, 0x03, 0xFF, 0x00, 0x03, 0xFF, 0x00, 0x03, 0xF8, 0x00, 0x03, 0xF0, 0x00, 0x03, 0xF0, 0x00, 0x03, 0xF0,
    0x00, 0x03, 0xF0, 0x00, 0x03, 0xF0, 0x00, 0x03, 0xE0, 0x00, 0x03, 0xE0, 0x00, 0x03, 0xE0, 0x00, 0x07, 0xE0, 0x00, 0x07, 0xE0, 0x00, 0x0F, 0xE0,
    0x00, 0x7F, 0xC0, 0x00, 0x7F, 0x80, 0x00, 0x7F, 0x00, 0x00, 0x7F, 0x80, 0x00, 0x7F, 0xC0, 0x00, 0x0F, 0xE0, 0x00, 0x07, 0xE0, 0x00, 0x07, 0xE0,
    0x00, 0x03, 0xE0, 0x00, 0x03, 0xE0, 0x00, 0x03, 0xE0, 0x00, 0x03, 0xE0, 0x00, 0x03, 0xF0, 0x00, 0x03, 0xF0, 0x00, 0x03, 0xF0, 0x00, 0x03, 0xF0,
    0x00, 0x03, 0xF8, 0x00, 0x03, 0xFF, 0x00, 0x03, 0xFF, 0x00, 0x01, 0xFF, 0x00, 0x01, 0xFF, 0x00, 0x00, 0xFF, 0x00, 0x00, 0x3F, 0x00, 0x0F, 0x80,
    0x0F, 0x80, 0x0F, 0x80, 0x0F, 0x80, 0x0F, 0x80, 0x0F, 0x80, 0x0F, 0x80, 0x0F, 0x80, 0x0F, 0x80, 0x0F, 0x80, 0x0F, 0x80, 0x0F, 0x80, 0x0F, 0x80,
    0x0F, 0x80, 0x0F, 0x80, 0x0F, 0x80, 0x0F, 0x80, 0x0F, 0x80, 0x0F, 0x80, 0x0F, 0x80, 0x0F, 0x80, 0x0F, 0x80, 0x0F, 0x80, 0x0F, 0x80, 0x0F, 0x80,
    0x0F, 0x80, 0x0F, 0x80, 0x0F, 0x80, 0x0F, 0x80, 0x0F, 0x80, 0x0F, 0x80, 0x0F, 0x80, 0x0F, 0x80, 0x0F, 0x80, 0x0F, 0x80, 0x0F, 0x80, 0x0F, 0x80,
    0x0F, 0x80, 0x0F, 0x80, 0x0F, 0x80, 0x0F, 0x80, 0x7E, 0x00, 0x00, 0x7F, 0x80, 0x00, 0x7F, 0xC0, 0x00, 0x7F, 0xC0, 0x00, 0x7F, 0xE0, 0x00, 0x7F,
    0xE0, 0x00, 0x0F, 0xE0, 0x00, 0x07, 0xE0, 0x00, 0x07, 0xE0, 0x00, 0x07, 0xE0, 0x00, 0x07, 0xE0, 0x00, 0x07, 0xE0, 0x00, 0x07, 0xE0, 0x00, 0x03,
    0xE0, 0x00, 0x03, 0xE0, 0x00, 0x03, 0xF0, 0x00, 0x03, 0xF0, 0x00, 0x03, 0xF8, 0x00, 0x01, 0xFF, 0x00, 0x00, 0xFF, 0x00, 0x00, 0x7F, 0x00, 0x00,
    0xFF, 0x00, 0x01, 0xFF, 0x00, 0x03, 0xF8, 0x00, 0x03, 0xF0, 0x00, 0x03, 0xF0, 0x00, 0x03, 0xE0, 0x00, 0x03, 0xE0, 0x00, 0x07, 0xE0, 0x00, 0x07,
    0xE0, 0x00, 0x07, 0xE0, 0x00, 0x07, 0xE0, 0x00, 0x07, 0xE0, 0x00, 0x07, 0xE0, 0x00, 0x0F, 0xE0, 0x00, 0x7F, 0xE0, 0x00, 0x7F, 0xE0, 0x00, 0x7F,
    0xC0, 0x00, 0x7F, 0xC0, 0x00, 0x7F, 0x80, 0x00, 0x7C, 0x00, 0x00, 0x07, 0xE0, 0x00, 0x00, 0x1F, 0xFC, 0x03, 0x00, 0x3F, 0xFF, 0x07, 0x00, 0x7F,
    0xFF, 0xFF, 0x00, 0x7F, 0xFF, 0xFF, 0x00, 0x78, 0x3F, 0xFF, 0x00, 0x60, 0x07, 0xFC, 0x00, 0x00, 0x01, 0xF0, 0x00, 0x00, 0x00, 0x00, 0x00, 0x00,
    0x00, 0x00, 0x00, 0x00, 0x00, 0x00, 0x00, 0x00, 0x00, 0x00, 0x00, 0x00, 0x00, 0x00, 0x00, 0x00, 0x00, 0x00, 0x00, 0x00, 0x00, 0x00, 0x00, 0x00,
    0x00, 0x00, 0x00, 0x00, 0x00, 0x00, 0x00, 0x00, 0x00, 0x00, 0x00, 0x00, 0x00, 0x00, 0x00, 0x00, 0xF8, 0x7E, 0x00, 0x00, 0xF8, 0x7E, 0x00, 0x00,
    0xF8, 0x7E, 0x00, 0x00, 0xF8, 0x7E, 0x00, 0x00, 0xF8, 0x7E, 0x00, 0x00, 0x00, 0x00, 0x00, 0x00, 0x00, 0x00, 0x00, 0x00, 0x0F, 0xE0, 0x00, 0x00,
    0x0F, 0xF0, 0x00, 0x00, 0x1F, 0xF0, 0x00, 0x00, 0x1F, 0xF0, 0x00, 0x00, 0x1F, 0xF8, 0x00, 0x00, 0x3F, 0xF8, 0x00, 0x00, 0x3E, 0xFC, 0x00, 0x00,
    0x7E, 0xFC, 0x00, 0x00, 0x7E, 0x7C, 0x00, 0x00, 0x7C, 0x7E, 0x00, 0x00, 0xFC, 0x7E, 0x00, 0x00, 0xFC, 0x7F, 0x00, 0x01, 0xF8, 0x3F, 0x00, 0x01,
    0xF8, 0x3F, 0x00, 0x01, 0xF8, 0x3F, 0x80, 0x03, 0xF8, 0x1F, 0x80, 0x03, 0xF0, 0x1F, 0x80, 0x03, 0xF0, 0x1F, 0xC0, 0x07, 0xF0, 0x1F, 0xC0, 0x07,
    0xE0, 0x0F, 0xE0, 0x0F, 0xFF, 0xFF, 0xE0, 0x0F, 0xFF, 0xFF, 0xE0, 0x0F, 0xFF, 0xFF, 0xF0, 0x1F, 0xFF, 0xFF, 0xF0, 0x1F, 0xFF, 0xFF, 0xF8, 0x3F,
    0x80, 0x03, 0xF8, 0x3F, 0x80, 0x01, 0xF8, 0x3F, 0x00, 0x01, 0xFC, 0x7F, 0x00, 0x01, 0xFC, 0x7F, 0x00, 0x00, 0xFE, 0x7E, 0x00, 0x00, 0xFE, 0xFE,
    0x00, 0x00, 0xFE, 0x00, 0x3E, 0x1F, 0x00, 0x00, 0x00, 0x3E, 0x1F, 0x00, 0x00, 0x00, 0x3E, 0x1F, 0x00, 0x00, 0x00, 0x3E, 0x1F, 0x00, 0x00, 0x00,
    0x3E, 0x1F, 0x00, 0x00, 0x00, 0x00, 0x00, 0x00, 0x00, 0x00, 0x00, 0x00, 0x00, 0x00, 0x00, 0x07, 0xFC, 0x00, 0x00, 0x00, 0x3F, 0xFF, 0x00, 0x00,
    0x00, 0xFF, 0xFF, 0xC0, 0x00, 0x01, 0xFF, 0xFF, 0xE0, 0x00, 0x03, 0xFF, 0xFF, 0xF0, 0x00, 0x07, 0xFC, 0x0F, 0xF8, 0x00, 0x0F, 0xF0, 0x03, 0xFC,
    0x00, 0x0F, 0xE0, 0x01, 0xFE, 0x00, 0x1F, 0xC0, 0x00, 0xFE, 0x00, 0x1F, 0xC0, 0x00, 0x7E, 0x00, 0x1F, 0x80, 0x00, 0x7F, 0x00, 0x3F, 0x80, 0x00,
    0x7F, 0x00, 0x3F, 0x80, 0x00, 0x3F, 0x00, 0x3F, 0x80, 0x00, 0x3F, 0x00, 0x3F, 0x80, 0x00, 0x3F, 0x00, 0x3F, 0x00, 0x00, 0x3F, 0x00, 0x3F, 0x00,
    0x00, 0x3F, 0x00, 0x3F, 0x80, 0x00, 0x3F, 0x00, 0x3F, 0x80, 0x00, 0x3F, 0x00, 0x3F, 0x80, 0x00, 0x3F, 0x00, 0x3F, 0x80, 0x00, 0x7F, 0x00, 0x1F,
    0x80, 0x00, 0x7F, 0x00, 0x1F, 0xC0, 0x00, 0x7E, 0x00, 0x1F, 0xC0, 0x00, 0xFE, 0x00, 0x0F, 0xE0, 0x01, 0xFE, 0x00, 0x0F, 0xF0, 0x03, 0xFC, 0x00,
    0x07, 0xFC, 0x0F, 0xF8, 0x00, 0x03, 0xFF, 0xFF, 0xF8, 0x00, 0x01, 0xFF, 0xFF, 0xF0, 0x00, 0x00, 0xFF, 0xFF, 0xC0, 0x00, 0x00, 0x3F, 0xFF, 0x00,
    0x00, 0x00, 0x07, 0xFC, 0x00, 0x00, 0x00, 0x7C, 0x3E, 0x00, 0x00, 0x7C, 0x3E, 0x00, 0x00, 0x7C, 0x3E, 0x00, 0x00, 0x7C, 0x3E, 0x00, 0x00, 0x7C,
    0x3E, 0x00, 0x00, 0x00, 0x00, 0x00, 0x00, 0x00, 0x00, 0x00, 0x1F, 0xC0, 0x03, 0xF0, 0x1F, 0xC0, 0x03, 0xF0, 0x1F, 0xC0, 0x03, 0xF0, 0x1F, 0xC0,
    0x03, 0xF0, 0x1F, 0xC0, 0x03, 0xF0, 0x1F, 0xC0, 0x03, 0xF0, 0x1F, 0xC0, 0x03, 0xF0, 0x1F, 0xC0, 0x03, 0xF0, 0x1F, 0xC0, 0x03, 0xF0, 0x1F, 0xC0,
    0x03, 0xF0, 0x1F, 0xC0, 0x03, 0xF0, 0x1F, 0xC0, 0x03, 0xF0, 0x1F, 0xC0, 0x03, 0xF0, 0x1F, 0xC0, 0x03, 0xF0, 0x1F, 0xC0, 0x03, 0xF0, 0x1F, 0xC0,
    0x03, 0xF0, 0x1F, 0xC0, 0x03, 0xF0, 0x1F, 0xC0, 0x03, 0xF0, 0x1F, 0xC0, 0x03, 0xF0, 0x1F, 0xC0, 0x03, 0xF0, 0x1F, 0xC0, 0x03, 0xF0, 0x1F, 0xC0,
    0x03, 0xF0, 0x1F, 0xC0, 0x03, 0xF0, 0x0F, 0xC0, 0x03, 0xF0, 0x0F, 0xE0, 0x07, 0xF0, 0x0F, 0xE0, 0x0F, 0xE0, 0x0F, 0xF8, 0x1F, 0xE0, 0x07, 0xFF,
    0xFF, 0xC0, 0x03, 0xFF, 0xFF, 0xC0, 0x01, 0xFF, 0xFF, 0x80, 0x00, 0xFF, 0xFE, 0x00, 0x00, 0x1F, 0xF8, 0x00, 0x07, 0xC3, 0xF0, 0x07, 0xC3, 0xF0,
    0x07, 0xC3, 0xF0, 0x07, 0xC3, 0xF0, 0x07, 0xC3, 0xF0, 0x00, 0x00, 0x00, 0x00, 0x00, 0x00, 0x00, 0xFF, 0x80, 0x03, 0xFF, 0xE0, 0x07, 0xFF, 0xF0,
    0x0F, 0xFF, 0xF8, 0x1F, 0xFF, 0xF8, 0x1F, 0x83, 0xF8, 0x3F, 0x01, 0xFC, 0x07, 0x00, 0xFC, 0x00, 0x00, 0xFC, 0x00, 0x03, 0xFC, 0x00, 0x3F, 0xFC,
    0x03, 0xFF, 0xFC, 0x0F, 0xFF, 0xFC, 0x1F, 0xFC, 0xFC, 0x3F, 0x80, 0xFC, 0x3F, 0x00, 0xFC, 0x3F, 0x01, 0xFC, 0x3F, 0x01, 0xFC, 0x3F, 0x87, 0xFC,
    0x3F, 0xFF, 0xFC, 0x3F, 0xFF, 0xFC, 0x1F, 0xFE, 0xFC, 0x0F, 0xFC, 0x7C, 0x03, 0xF0, 0x7E, 0x03, 0xE1, 0xF8, 0x00, 0x03, 0xE1, 0xF8, 0x00, 0x03,
    0xE1, 0xF8, 0x00, 0x03, 0xE1, 0xF8, 0x00, 0x03, 0xE1, 0xF8, 0x00, 0x00, 0x00, 0x00, 0x00, 0x00, 0x00, 0x00, 0x00, 0x00, 0x3F, 0x80, 0x00, 0x00,
    0xFF, 0xE0, 0x00, 0x03, 0xFF, 0xF8, 0x00, 0x07, 0xFF, 0xFC, 0x00, 0x0F, 0xFF, 0xFE, 0x00, 0x1F, 0xE0, 0xFF, 0x00, 0x1F, 0xC0, 0x7F, 0x00, 0x1F,
    0x80, 0x3F, 0x80, 0x3F, 0x80, 0x3F, 0x80, 0x3F, 0x00, 0x1F, 0x80, 0x3F, 0x00, 0x1F, 0x80, 0x3F, 0x00, 0x1F, 0x80, 0x3F, 0x00, 0x1F, 0x80, 0x3F,
    0x00, 0x1F, 0x80, 0x3F, 0x00, 0x1F, 0x80, 0x3F, 0x80, 0x3F, 0x80, 0x3F, 0x80, 0x3F, 0x80, 0x1F, 0xC0, 0x7F, 0x00, 0x1F, 0xE0, 0xFF, 0x00, 0x0F,
    0xFF, 0xFE, 0x00, 0x07, 0xFF, 0xFC, 0x00, 0x03, 0xFF, 0xF8, 0x00, 0x01, 0xFF, 0xE0, 0x00, 0x00, 0x3F, 0x80, 0x00, 0x03, 0xE1, 0xF8, 0x00, 0x03,
    0xE1, 0xF8, 0x00, 0x03, 0xE1, 0xF8, 0x00, 0x03, 0xE1, 0xF8, 0x00, 0x03, 0xE1, 0xF8, 0x00, 0x00, 0x00, 0x00, 0x00, 0x00, 0x00, 0x00, 0x00, 0x00,
    0x00, 0x00, 0x00, 0x1F, 0x80, 0x3F, 0x00, 0x1F, 0x80, 0x3F, 0x00, 0x1F, 0x80, 0x3F, 0x00, 0x1F, 0x80, 0x3F, 0x00, 0x1F, 0x80, 0x3F, 0x00, 0x1F,
    0x80, 0x3F, 0x00, 0x1F, 0x80, 0x3F, 0x00, 0x1F, 0x80, 0x3F, 0x00, 0x1F, 0x80, 0x3F, 0x00, 0x1F, 0x80, 0x3F, 0x00, 0x1F, 0x80, 0x3F, 0x00, 0x1F,
    0x80, 0x3F, 0x00, 0x1F, 0x80, 0x3F, 0x00, 0x1F, 0x80, 0x3F, 0x00, 0x1F, 0x80, 0x7F, 0x00, 0x1F, 0x80, 0x7F, 0x00, 0x1F, 0xC0, 0xFF, 0x00, 0x1F,
    0xE1, 0xFF, 0x00, 0x0F, 0xFF, 0xFF, 0x00, 0x0F, 0xFF, 0xFF, 0x00, 0x07, 0xFF, 0xBF, 0x00, 0x03, 0xFF, 0x3F, 0x00, 0x00, 0xFC, 0x3F, 0x00, 0x00,
    0x7F, 0x00, 0x00, 0x01, 0xFF, 0xC0, 0x00, 0x07, 0xFF, 0xF0, 0x00, 0x07, 0xFF, 0xF0, 0x00, 0x0F, 0xFF, 0xF8, 0x00, 0x0F, 0xE3, 0xF8, 0x00, 0x1F,
    0xC1, 0xF8, 0x00, 0x1F, 0x81, 0xF8, 0x00, 0x1F, 0x81, 0xF8, 0x00, 0x1F, 0x83, 0xF0, 0x00, 0x1F, 0x83, 0xF0, 0x00, 0x1F, 0x87, 0xE0, 0x00, 0x1F,
    0x87, 0xE0, 0x00, 0x1F, 0x8F, 0xC0, 0x00, 0x1F, 0x8F, 0xE0, 0x00, 0x1F, 0x8F, 0xE0, 0x00, 0x1F, 0x8F, 0xF0, 0x00, 0x1F, 0x87, 0xF8, 0x00, 0x1F,
    0x83, 0xFC, 0x00, 0x1F, 0x81, 0xFE, 0x00, 0x1F, 0x80, 0xFF, 0x00, 0x1F, 0x80, 0x7F, 0x00, 0x1F, 0x80, 0x3F, 0x80, 0x1F, 0x80, 0x1F, 0x80, 0x1F,
    0x80, 0x1F, 0x80, 0x1F, 0x82, 0x1F, 0x80, 0x1F, 0x8F, 0x3F, 0x80, 0x1F, 0x9F, 0xFF, 0x80, 0x1F, 0x8F, 0xFF, 0x00, 0x1F, 0x8F, 0xFF, 0x00, 0x1F,
    0x83, 0xFC, 0x00, 0x1F, 0x81, 0xF8, 0x00, 0x03, 0xE0, 0x00, 0x0F, 0xF8, 0x00, 0x1F, 0xFC, 0x00, 0x1F, 0xFE, 0x00, 0x3E, 0x3E, 0x00, 0x3C, 0x1E,
    0x00, 0x3C, 0x0F, 0x00, 0x3C, 0x0F, 0x00, 0x3C, 0x1E, 0x00, 0x3E, 0x3E, 0x00, 0x1F, 0xFE, 0x00, 0x1F, 0xFC, 0x00, 0x0F, 0xF8, 0x00, 0x03, 0xE0,
    0x00, 0x00, 0x00, 0x00, 0x00, 0x00, 0x00, 0x00, 0x00, 0x00, 0x00, 0x00, 0x00, 0x00, 0x00, 0x00, 0x00, 0x00, 0x00, 0x00, 0x00, 0x00, 0x00, 0x00,
    0x00, 0x00, 0x00, 0x00, 0x00, 0x00, 0x00, 0x00, 0x00, 0x00, 0x00, 0x00, 0x00, 0x00, 0x00, 0x00, 0x00, 0x00, 0x00, 0x00, 0x00, 0x00, 0x00, 0x00,
    0x00, 0x00, 0x00, 0x00, 0x00, 0x00, 0x00, 0x0F, 0xC0, 0x0F, 0xC0, 0x0F, 0xC0, 0x0F, 0xC0, 0x0F, 0xC0, 0x0F, 0xC0, 0x00, 0x00, 0x00, 0x00, 0x00,
    0x00, 0x00, 0x00, 0x00, 0x00, 0x00, 0x00, 0x00, 0x00, 0x00, 0x00, 0x00, 0x00, 0x00, 0x00, 0x00, 0x00, 0x00, 0x00, 0x7F, 0xFF, 0xFF, 0x80, 0x7F,
    0xFF, 0xFF, 0x80, 0x7F, 0xFF, 0xFF, 0x80, 0x7F, 0xFF, 0xFF, 0x80, 0x7F, 0xFF, 0xFF, 0x80, 0x00, 0x00, 0x00, 0x00, 0x00, 0x00, 0x00, 0x00, 0x00,
    0x00, 0x00, 0x00, 0x00, 0x00, 0x00, 0x00, 0x00, 0x00, 0x00, 0x00, 0x00, 0x00, 0x00, 0x00, 0x00, 0x00, 0x00, 0x00, 0x00, 0x00, 0x00, 0x00, 0x00,
    0x00, 0x00, 0x00, 0x0F, 0xC0, 0x1F, 0x80, 0x3F, 0x00, 0x0F, 0xC0, 0x1F, 0x80, 0x3F, 0x00, 0x0F, 0xC0, 0x1F, 0x80, 0x3F, 0x00, 0x0F, 0xC0, 0x1F,
    0x80, 0x3F, 0x00, 0x0F, 0xC0, 0x1F, 0x80, 0x3F, 0x00, 0x0F, 0xC0, 0x1F, 0x80, 0x3F, 0x00,
};
static const FontGlyph FONT_L_GLYPHS[] = {
    {32, 12, 0, 0, 40, 12, 0},
    {33, 15, 32, 0, 8, 15, 0},
    {34, 21, 32, 0, 8, 21, 64},
    {35, 24, 32, 0, 8, 24, 160},
    {36, 24, 38, 0, 6, 24, 256},
    {37, 39, 33, 0, 8, 39, 370},
    {38, 32, 32, 0, 8, 32, 535},
    {39, 10, 32, 0, 8, 10, 663},
    {40, 15, 41, 0, 8, 15, 727},
    {41, 15, 41, 0, 8, 15, 809},
    {42, 17, 32, 0, 8, 17, 891},
    {43, 26, 26, 0, 14, 26, 987},
    {44, 12, 13, 0, 34, 12, 1091},
    {45, 15, 13, 0, 27, 15, 1117},
    {46, 12, 6, 0, 34, 12, 1143},
    {47, 14, 32, -1, 8, 12, 1155},
    {48, 24, 32, 0, 8, 24, 1219},
    {49, 24, 32, 0, 8, 24, 1315},
    {50, 24, 32, 0, 8, 24, 1411},
    {51, 24, 32, 0, 8, 24, 1507},
    {52, 24, 32, 0, 8, 24, 1603},
    {53, 24, 32, 0, 8, 24, 1699},
    {54, 24, 32, 0, 8, 24, 1795},
    {55, 24, 32, 0, 8, 24, 1891},
    {56, 24, 32, 0, 8, 24, 1987},
    {57, 24, 32, 0, 8, 24, 2083},
    {58, 15, 23, 0, 17, 15, 2179},
    {59, 15, 30, 0, 17, 15, 2225},
    {60, 26, 28, 0, 12, 26, 2285},
    {61, 26, 23, 0, 17, 26, 2397},
    {62, 26, 28, 0, 12, 26, 2489},
    {63, 27, 32, 0, 8, 27, 2601},
    {64, 43, 43, 0, 8, 43, 2729},
    {65, 32, 32, 0, 8, 32, 2987},
    {66, 32, 32, 0, 8, 32, 3115},
    {67, 32, 32, 0, 8, 32, 3243},
    {68, 32, 32, 0, 8, 32, 3371},
    {69, 29, 32, 0, 8, 29, 3499},
    {70, 27, 32, 0, 8, 27, 3627},
    {71, 34, 32, 0, 8, 34, 3755},
    {72, 32, 32, 0, 8, 32, 3915},
    {73, 12, 32, 0, 8, 12, 4043},
    {74, 24, 32, 0, 8, 24, 4107},
    {75, 32, 32, 0, 8, 32, 4203},
    {76, 27, 32, 0, 8, 27, 4331},
    {77, 37, 32, 0, 8, 37, 4459},
    {78, 32, 32, 0, 8, 32, 4619},
    {79, 34, 32, 0, 8, 34, 4747},
    {80, 29, 32, 0, 8, 29, 4907},
    {81, 34, 35, 0, 8, 34, 5035},
    {82, 32, 32, 0, 8, 32, 5210},
    {83, 29, 32, 0, 8, 29, 5338},
    {84, 27, 32, 0, 8, 27, 5466},
    {85, 32, 32, 0, 8, 32, 5594},
    {86, 31, 32, -1, 8, 29, 5722},
    {87, 42, 32, 0, 8, 42, 5850},
    {88, 30, 32, 0, 8, 29, 6042},
    {89, 31, 32, -1, 8, 29, 6170},
    {90, 27, 32, 0, 8, 27, 6298},
    {91, 15, 41, 0, 8, 15, 6426},
    {92, 14, 32, -1, 8, 12, 6508},
    {93, 15, 41, 0, 8, 15, 6572},
    {94, 26, 32, 0, 8, 26, 6654},
    {95, 26, 9, -1, 40, 24, 6782},
    {96, 15, 32, 0, 8, 15, 6818},
    {97, 24, 24, 0, 16, 24, 6882},
    {98, 27, 32, 0, 8, 27, 6954},
    {99, 24, 24, 0, 16, 24, 7082},
    {100, 27, 32, 0, 8, 27, 7154},
    {101, 24, 24, 0, 16, 24, 7282},
    {102, 16, 32, 0, 8, 15, 7354},
    {103, 27, 33, 0, 16, 27, 7418},
    {104, 27, 32, 0, 8, 27, 7550},
    {105, 12, 32, 0, 8, 12, 7678},
    {106, 15, 41, -3, 8, 12, 7742},
    {107, 25, 32, 0, 8, 24, 7824},
    {108, 12, 32, 0, 8, 12, 7952},
    {109, 39, 24, 0, 16, 39, 8016},
    {110, 27, 24, 0, 16, 27, 8136},
    {111, 27, 24, 0, 16, 27, 8232},
    {112, 27, 33, 0, 16, 27, 8328},
    {113, 27, 33, 0, 16, 27, 8460},
    {114, 18, 24, 0, 16, 17, 8592},
    {115, 24, 24, 0, 16, 24, 8664},
    {116, 15, 31, 0, 9, 15, 8736},
    {117, 27, 23, 0, 17, 27, 8798},
    {118, 24, 23, 0, 17, 24, 8890},
    {119, 35, 23, 0, 17, 34, 8959},
    {120, 25, 23, 0, 17, 24, 9074},
    {121, 24, 32, 0, 17, 24, 9166},
    {122, 22, 23, 0, 17, 22, 9262},
    {123, 17, 41, 0, 8, 17, 9331},
    {124, 12, 41, 0, 8, 12, 9454},
    {125, 17, 41, 0, 8, 17, 9536},
    {126, 26, 19, 0, 21, 26, 9659},
    {196, 32, 39, 0, 1, 32, 9735},
    {214, 34, 39, 0, 1, 34, 9891},
    {220, 32, 39, 0, 1, 32, 10086},
    {228, 24, 31, 0, 9, 24, 10242},
    {246, 27, 31, 0, 9, 27, 10335},
    {252, 27, 31, 0, 9, 27, 10459},
    {223, 27, 32, 0, 8, 27, 10583},
    {176, 18, 32, 0, 8, 18, 10711},
    {183, 15, 18, 0, 22, 15, 10807},
    {8211, 26, 14, -1, 26, 24, 10843},
    {8230, 44, 6, 0, 34, 44, 10899},
};
static const BitmapFont FONT_L = {50, 40, 106, FONT_L_GLYPHS, FONT_L_BITS};

static const uint8_t FONT_S_BITS[] = {
    0x3C, 0x00, 0x3C, 0x00, 0x3C, 0x00, 0x3C, 0x00, 0x3C, 0x00, 0x3C, 0x00, 0x1C, 0x00, 0x1C, 0x00, 0x1C, 0x00, 0x1C, 0x00, 0x1C, 0x00, 0x18, 0x00,
    0x18, 0x00, 0x00, 0x00, 0x00, 0x00, 0x3C, 0x00, 0x3C, 0x00, 0x3C, 0x00, 0x3C, 0x00, 0x79, 0xE0, 0x79, 0xE0, 0x79, 0xE0, 0x79, 0xE0, 0x39, 0xE0,
    0x38, 0xE0, 0x38, 0xE0, 0x00, 0x00, 0x00, 0x00, 0x00, 0x00, 0x00, 0x00, 0x00, 0x00, 0x00, 0x00, 0x00, 0x00, 0x00, 0x00, 0x00, 0x00, 0x00, 0x00,
    0x00, 0x00, 0x00, 0x00, 0x07, 0x38, 0x06, 0x38, 0x0E, 0x38, 0x0E, 0x38, 0xFF, 0xFC, 0xFF, 0xFC, 0xFF, 0xFC, 0x1C, 0x70, 0x1C, 0x70, 0x1C, 0x60,
    0x1C, 0xE0, 0xFF, 0xFC, 0xFF, 0xFC, 0xFF, 0xFC, 0x38, 0xC0, 0x39, 0xC0, 0x71, 0xC0, 0x71, 0xC0, 0x71, 0xC0, 0x03, 0x00, 0x0F, 0xC0, 0x1F, 0xE0,
    0x3F, 0xF0, 0x3B, 0x70, 0x7B, 0x78, 0x7B, 0x00, 0x3B, 0x00, 0x3F, 0x00, 0x3F, 0xC0, 0x1F, 0xF0, 0x07, 0xF8, 0x03, 0xF8, 0x03, 0x38, 0x73, 0x38,
    0x7B, 0x38, 0x3F, 0x78, 0x3F, 0xF0, 0x1F, 0xE0, 0x0F, 0xC0, 0x03, 0x00, 0x03, 0x00, 0x1E, 0x01, 0xC0, 0x3F, 0x03, 0x80, 0x33, 0x83, 0x80, 0x73,
    0x87, 0x00, 0x73, 0x87, 0x00, 0x73, 0x8E, 0x00, 0x73, 0x8E, 0x00, 0x33, 0x9C, 0x00, 0x3F, 0x1C, 0x00, 0x1E, 0x38, 0x00, 0x00, 0x38, 0xF0, 0x00,
    0x71, 0xF8, 0x00, 0x73, 0x9C, 0x00, 0x63, 0x9C, 0x00, 0xE3, 0x1C, 0x00, 0xC3, 0x1C, 0x01, 0xC3, 0x9C, 0x01, 0x83, 0x9C, 0x03, 0x81, 0xF8, 0x03,
    0x00, 0xF0, 0x03, 0xE0, 0x00, 0x07, 0xF8, 0x00, 0x0F, 0xF8, 0x00, 0x0E, 0x3C, 0x00, 0x0E, 0x1C, 0x00, 0x0F, 0x3C, 0x00, 0x0F, 0x78, 0x00, 0x07,
    0xF0, 0x00, 0x07, 0xE0, 0x00, 0x1F, 0xE0, 0x00, 0x3F, 0xF3, 0x00, 0x3C, 0xFF, 0x80, 0x78, 0x7F, 0x00, 0x78, 0x3F, 0x00, 0x78, 0x1F, 0x00, 0x7C,
    0x3F, 0x80, 0x3F, 0xFF, 0xC0, 0x1F, 0xF3, 0x80, 0x07, 0xE1, 0x80, 0x78, 0x78, 0x78, 0x78, 0x78, 0x38, 0x38, 0x00, 0x00, 0x00, 0x00, 0x00, 0x00,
    0x00, 0x00, 0x00, 0x00, 0x00, 0x00, 0x07, 0x00, 0x0E, 0x00, 0x0E, 0x00, 0x1C, 0x00, 0x1C, 0x00, 0x1C, 0x00, 0x38, 0x00, 0x38, 0x00, 0x38, 0x00,
    0x38, 0x00, 0x78, 0x00, 0x78, 0x00, 0x78, 0x00, 0x78, 0x00, 0x38, 0x00, 0x38, 0x00, 0x38, 0x00, 0x38, 0x00, 0x1C, 0x00, 0x1C, 0x00, 0x1C, 0x00,
    0x0E, 0x00, 0x0E, 0x00, 0x07, 0x00, 0x70, 0x00, 0x30, 0x00, 0x38, 0x00, 0x38, 0x00, 0x1C, 0x00, 0x1C, 0x00, 0x1C, 0x00, 0x1E, 0x00, 0x0E, 0x00,
    0x0E, 0x00, 0x0E, 0x00, 0x0E, 0x00, 0x0E, 0x00, 0x0E, 0x00, 0x0E, 0x00, 0x0E, 0x00, 0x1E, 0x00, 0x1C, 0x00, 0x1C, 0x00, 0x1C, 0x00, 0x38, 0x00,
    0x38, 0x00, 0x30, 0x00, 0x70, 0x00, 0x0C, 0x00, 0x0C, 0x00, 0x4C, 0x80, 0x7F, 0x80, 0x1E, 0x00, 0x1E, 0x00, 0x37, 0x00, 0x73, 0x00, 0x22, 0x00,
    0x00, 0x00, 0x00, 0x00, 0x00, 0x00, 0x00, 0x00, 0x00, 0x00, 0x00, 0x00, 0x00, 0x00, 0x00, 0x00, 0x00, 0x00, 0x00, 0x00, 0x03, 0x80, 0x03, 0x80,
    0x03, 0x80, 0x03, 0x80, 0x03, 0x80, 0x7F, 0xFC, 0x7F, 0xFC, 0x7F, 0xFC, 0x7F, 0xFC, 0x03, 0x80, 0x03, 0x80, 0x03, 0x80, 0x03, 0x80, 0x03, 0x80,
    0x00, 0x00, 0x00, 0x00, 0x00, 0x00, 0x38, 0x38, 0x38, 0x38, 0x18, 0x18, 0x30, 0x20, 0x7F, 0x00, 0x7F, 0x00, 0x7F, 0x00, 0x7F, 0x00, 0x00, 0x00,
    0x00, 0x00, 0x00, 0x00, 0x00, 0x00, 0x00, 0x00, 0x38, 0x38, 0x38, 0x38, 0x07, 0x00, 0x07, 0x00, 0x07, 0x00, 0x06, 0x00, 0x0E, 0x00, 0x0E, 0x00,
    0x0E, 0x00, 0x0C, 0x00, 0x0C, 0x00, 0x1C, 0x00, 0x1C, 0x00, 0x18, 0x00, 0x18, 0x00, 0x38, 0x00, 0x38, 0x00, 0x30, 0x00, 0x30, 0x00, 0x70, 0x00,
    0x70, 0x00, 0x07, 0x80, 0x1F, 0xE0, 0x1F, 0xF0, 0x3C, 0xF0, 0x38, 0x78, 0x78, 0x78, 0x78, 0x78, 0x78, 0x78, 0x78, 0x78, 0x78, 0x78, 0x78, 0x78,
    0x78, 0x78, 0x78, 0x78, 0x78, 0x78, 0x38, 0x78, 0x3C, 0xF0, 0x1F, 0xF0, 0x1F, 0xE0, 0x07, 0xC0, 0x01, 0xC0, 0x01, 0xC0, 0x03, 0xC0, 0x07, 0xC0,
    0x1F, 0xC0, 0x3F, 0xC0, 0x3D, 0xC0, 0x39, 0xC0, 0x21, 0xC0, 0x01, 0xC0, 0x01, 0xC0, 0x01, 0xC0, 0x01, 0xC0, 0x01, 0xC0, 0x01, 0xC0, 0x01, 0xC0,
    0x01, 0xC0, 0x01, 0xC0, 0x01, 0xC0, 0x07, 0xC0, 0x1F, 0xE0, 0x3F, 0xF0, 0x3C, 0x78, 0x78, 0x78, 0x78, 0x38, 0x00, 0x78, 0x00, 0x78, 0x00, 0xF0,
    0x01, 0xF0, 0x03, 0xE0, 0x07, 0xC0, 0x0F, 0x80, 0x1F, 0x00, 0x3E, 0x00, 0x3C, 0x00, 0x7F, 0xF8, 0x7F, 0xF8, 0x7F, 0xF8, 0x0F, 0x80, 0x1F, 0xE0,
    0x3F, 0xF0, 0x38, 0xF0, 0x38, 0x70, 0x00, 0x70, 0x00, 0xF0, 0x03, 0xE0, 0x03, 0xC0, 0x03, 0xF0, 0x00, 0x78, 0x00, 0x78, 0x00, 0x38, 0x78, 0x38,
    0x78, 0x78, 0x3C, 0xF8, 0x3F, 0xF0, 0x1F, 0xE0, 0x07, 0xC0, 0x00, 0xF0, 0x00, 0xF0, 0x01, 0xF0, 0x03, 0xF0, 0x03, 0xF0, 0x07, 0xF0, 0x0F, 0xF0,
    0x0E, 0xF0, 0x1C, 0xF0, 0x3C, 0xF0, 0x38, 0xF0, 0x70, 0xF0, 0xFF, 0xFC, 0xFF, 0xFC, 0xFF, 0xFC, 0x00, 0xF0, 0x00, 0xF0, 0x00, 0xF0, 0x00, 0xF0,
    0x1F, 0xF8, 0x1F, 0xF8, 0x1F, 0xF8, 0x1C, 0x00, 0x1C, 0x00, 0x3C, 0x00, 0x3F, 0xC0, 0x3F, 0xF0, 0x3F, 0xF8, 0x38, 0x78, 0x00, 0x38, 0x00, 0x3C,
    0x00, 0x3C, 0x38, 0x3C, 0x78, 0x38, 0x3C, 0x78, 0x3F, 0xF0, 0x1F, 0xE0, 0x07, 0xC0, 0x07, 0xC0, 0x0F, 0xF0, 0x1F, 0xF0, 0x3C, 0x78, 0x3C, 0x38,
    0x38, 0x00, 0x78, 0x00, 0x7B, 0xC0, 0x7F, 0xF0, 0x7F, 0xF8, 0x7C, 0x78, 0x78, 0x38, 0x78, 0x38, 0x78, 0x38, 0x3C, 0x38, 0x3C, 0x78, 0x1F, 0xF0,
    0x0F, 0xF0, 0x07, 0xC0, 0x7F, 0xF8, 0x7F, 0xF8, 0x7F, 0xF8, 0x00, 0x78, 0x00, 0xF0, 0x00, 0xE0, 0x01, 0xE0, 0x01, 0xC0, 0x03, 0xC0, 0x03, 0x80,
    0x07, 0x80, 0x07, 0x00, 0x07, 0x00, 0x0F, 0x00, 0x0F, 0x00, 0x0E, 0x00, 0x0E, 0x00, 0x0E, 0x00, 0x0E, 0x00, 0x0F, 0xC0, 0x1F, 0xE0, 0x3F, 0xF0,
    0x3C, 0x78, 0x38, 0x78, 0x38, 0x78, 0x3C, 0x70, 0x1F, 0xE0, 0x0F, 0xE0, 0x1F, 0xF0, 0x3C, 0x78, 0x78, 0x78, 0x78, 0x38, 0x78, 0x38, 0x78, 0x78,
    0x7C, 0x78, 0x3F, 0xF0, 0x1F, 0xE0, 0x07, 0xC0, 0x0F, 0x80, 0x1F, 0xE0, 0x3F, 0xF0, 0x78, 0xF0, 0x78, 0x78, 0x70, 0x78, 0x70, 0x78, 0x78, 0x78,
    0x78, 0xF8, 0x3F, 0xF8, 0x1F, 0xF8, 0x0F, 0x78, 0x00, 0x78, 0x00, 0x78, 0x38, 0x78, 0x78, 0xF0, 0x3F, 0xE0, 0x1F, 0xE0, 0x0F, 0x80, 0x1C, 0x00,
    0x1C, 0x00, 0x1C, 0x00, 0x1C, 0x00, 0x00, 0x00, 0x00, 0x00, 0x00, 0x00, 0x00, 0x00, 0x00, 0x00, 0x00, 0x00, 0x1C, 0x00, 0x1C, 0x00, 0x1C, 0x00,
    0x1C, 0x00, 0x3C, 0x00, 0x3C, 0x00, 0x3C, 0x00, 0x3C, 0x00, 0x00, 0x00, 0x00, 0x00, 0x00, 0x00, 0x00, 0x00, 0x00, 0x00, 0x00, 0x00, 0x3C, 0x00,
    0x3C, 0x00, 0x3C, 0x00, 0x3C, 0x00, 0x0C, 0x00, 0x1C, 0x00, 0x38, 0x00, 0x10, 0x00, 0x00, 0x04, 0x00, 0x3C, 0x00, 0xFC, 0x03, 0xFC, 0x1F, 0xF0,
    0x7F, 0x80, 0x7C, 0x00, 0x7E, 0x00, 0x7F, 0xC0, 0x1F, 0xF8, 0x03, 0xFC, 0x00, 0xFC, 0x00, 0x3C, 0x00, 0x04, 0x00, 0x00, 0x00, 0x00, 0x7F, 0xFC,
    0x7F, 0xFC, 0x7F, 0xFC, 0x7F, 0xFC, 0x00, 0x00, 0x00, 0x00, 0x7F, 0xFC, 0x7F, 0xFC, 0x7F, 0xFC, 0x7F, 0xFC, 0x00, 0x00, 0x00, 0x00, 0x00, 0x00,
    0x00, 0x00, 0x40, 0x00, 0x78, 0x00, 0x7E, 0x00, 0x7F, 0x80, 0x1F, 0xF0, 0x03, 0xFC, 0x00, 0x7C, 0x00, 0x7C, 0x03, 0xFC, 0x1F, 0xF0, 0x7F, 0x80,
    0x7E, 0x00, 0x78, 0x00, 0x40, 0x00, 0x00, 0x00, 0x00, 0x00, 0x07, 0xE0, 0x0F, 0xF8, 0x1F, 0xFC, 0x3C, 0x3C, 0x38, 0x1E, 0x78, 0x1E, 0x00, 0x1C,
    0x00, 0x7C, 0x00, 0xF8, 0x01, 0xF0, 0x01, 0xC0, 0x03, 0xC0, 0x03, 0xC0, 0x00, 0x00, 0x00, 0x00, 0x03, 0xC0, 0x03, 0xC0, 0x03, 0xC0, 0x03, 0xC0,
    0x00, 0x3F, 0x80, 0x00, 0x01, 0xFF, 0xF0, 0x00, 0x03, 0xFF, 0xF8, 0x00, 0x07, 0xC0, 0x7C, 0x00, 0x0F, 0x00, 0x1E, 0x00, 0x1C, 0x3C, 0xE7, 0x00,
    0x38, 0x7E, 0xE7, 0x00, 0x38, 0xFF, 0xE3, 0x00, 0x31, 0xE3, 0xE3, 0x00, 0x73, 0xC1, 0xC3, 0x80, 0x63, 0x81, 0xC3, 0x80, 0x63, 0x81, 0xC3, 0x00,
    0x63, 0x81, 0xC3, 0x00, 0x63, 0x83, 0xC7, 0x00, 0x63, 0x83, 0x8E, 0x00, 0x63, 0xC7, 0x9E, 0x00, 0x73, 0xFF, 0xFC, 0x00, 0x31, 0xFF, 0xF8, 0x00,
    0x38, 0xF1, 0xE0, 0x00, 0x3C, 0x00, 0x03, 0x80, 0x1E, 0x00, 0x07, 0x00, 0x0F, 0xC0, 0x3F, 0x00, 0x07, 0xFF, 0xFC, 0x00, 0x01, 0xFF, 0xF8, 0x00,
    0x00, 0x3F, 0xC0, 0x00, 0x01, 0xE0, 0x00, 0x01, 0xF0, 0x00, 0x03, 0xF0, 0x00, 0x03, 0xF8, 0x00, 0x03, 0xF8, 0x00, 0x07, 0xB8, 0x00, 0x07, 0x3C,
    0x00, 0x0F, 0x3C, 0x00, 0x0F, 0x1E, 0x00, 0x0E, 0x1E, 0x00, 0x1E, 0x1E, 0x00, 0x1E, 0x0F, 0x00, 0x3F, 0xFF, 0x00, 0x3F, 0xFF, 0x80, 0x3F, 0xFF,
    0x80, 0x78, 0x07, 0x80, 0x78, 0x03, 0xC0, 0x78, 0x03, 0xC0, 0xF0, 0x03, 0xC0, 0x3F, 0xFC, 0x00, 0x3F, 0xFE, 0x00, 0x3F, 0xFF, 0x00, 0x3F, 0xFF,
    0x00, 0x3C, 0x0F, 0x80, 0x3C, 0x07, 0x00, 0x3C, 0x0F, 0x00, 0x3F, 0xFE, 0x00, 0x3F, 0xFC, 0x00, 0x3F, 0xFF, 0x00, 0x3F, 0xFF, 0x80, 0x3C, 0x07,
    0x80, 0x3C, 0x07, 0x80, 0x3C, 0x03, 0x80, 0x3C, 0x07, 0x80, 0x3F, 0xFF, 0x80, 0x3F, 0xFF, 0x80, 0x3F, 0xFF, 0x00, 0x3F, 0xFC, 0x00, 0x01, 0xF8,
    0x00, 0x07, 0xFE, 0x00, 0x0F, 0xFF, 0x00, 0x1F, 0xFF, 0x00, 0x3F, 0x0F, 0x80, 0x3C, 0x07, 0x80, 0x3C, 0x07, 0x00, 0x78, 0x00, 0x00, 0x78, 0x00,
    0x00, 0x78, 0x00, 0x00, 0x78, 0x00, 0x00, 0x78, 0x00, 0x00, 0x3C, 0x03, 0x00, 0x3C, 0x07, 0x80, 0x3E, 0x0F, 0x80, 0x1F, 0xFF, 0x00, 0x0F, 0xFF,
    0x00, 0x07, 0xFE, 0x00, 0x01, 0xF8, 0x00, 0x3F, 0xF8, 0x00, 0x3F, 0xFC, 0x00, 0x3F, 0xFE, 0x00, 0x3F, 0xFF, 0x00, 0x3C, 0x1F, 0x80, 0x3C, 0x07,
    0x80, 0x3C, 0x07, 0x80, 0x3C, 0x07, 0x80, 0x3C, 0x03, 0x80, 0x3C, 0x03, 0x80, 0x3C, 0x03, 0x80, 0x3C, 0x07, 0x80, 0x3C, 0x07, 0x80, 0x3C, 0x07,
    0x80, 0x3C, 0x0F, 0x80, 0x3F, 0xFF, 0x00, 0x3F, 0xFE, 0x00, 0x3F, 0xFC, 0x00, 0x3F, 0xF0, 0x00, 0x3F, 0xFF, 0x00, 0x3F, 0xFF, 0x00, 0x3F, 0xFF,
    0x00, 0x3F, 0xFF, 0x00, 0x3C, 0x00, 0x00, 0x3C, 0x00, 0x00, 0x3C, 0x00, 0x00, 0x3F, 0xFE, 0x00, 0x3F, 0xFE, 0x00, 0x3F, 0xFE, 0x00, 0x3F, 0xFE,
    0x00, 0x3C, 0x00, 0x00, 0x3C, 0x00, 0x00, 0x3C, 0x00, 0x00, 0x3C, 0x00, 0x00, 0x3F, 0xFF, 0x00, 0x3F, 0xFF, 0x00, 0x3F, 0xFF, 0x00, 0x3F, 0xFF,
    0x00, 0x3F, 0xFE, 0x3F, 0xFE, 0x3F, 0xFE, 0x3F, 0xFE, 0x3C, 0x00, 0x3C, 0x00, 0x3C, 0x00, 0x3F, 0xF8, 0x3F, 0xF8, 0x3F, 0xF8, 0x3F, 0xF8, 0x3C,
    0x00, 0x3C, 0x00, 0x3C, 0x00, 0x3C, 0x00, 0x3C, 0x00, 0x3C, 0x00, 0x3C, 0x00, 0x3C, 0x00, 0x01, 0xFC, 0x00, 0x07, 0xFF, 0x00, 0x0F, 0xFF, 0x80,
    0x1F, 0xFF, 0x80, 0x3F, 0x07, 0xC0, 0x3C, 0x03, 0xC0, 0x3C, 0x03, 0x80, 0x78, 0x00, 0x00, 0x78, 0x00, 0x00, 0x78, 0x1F, 0xE0, 0x78, 0x1F, 0xE0,
    0x78, 0x1F, 0xE0, 0x3C, 0x01, 0xE0, 0x3E, 0x01, 0xE0, 0x3F, 0x07, 0xE0, 0x1F, 0xFF, 0xC0, 0x0F, 0xFF, 0x80, 0x07, 0xFF, 0x00, 0x01, 0xFC, 0x00,
    0x3C, 0x07, 0x80, 0x3C, 0x07, 0x80, 0x3C, 0x07, 0x80, 0x3C, 0x07, 0x80, 0x3C, 0x07, 0x80, 0x3C, 0x07, 0x80, 0x3C, 0x07, 0x80, 0x3F, 0xFF, 0x80,
    0x3F, 0xFF, 0x80, 0x3F, 0xFF, 0x80, 0x3F, 0xFF, 0x80, 0x3C, 0x07, 0x80, 0x3C, 0x07, 0x80, 0x3C, 0x07, 0x80, 0x3C, 0x07, 0x80, 0x3C, 0x07, 0x80,
    0x3C, 0x07, 0x80, 0x3C, 0x07, 0x80, 0x3C, 0x07, 0x80, 0x3C, 0x3C, 0x3C, 0x3C, 0x3C, 0x3C, 0x3C, 0x3C, 0x3C, 0x3C, 0x3C, 0x3C, 0x3C, 0x3C, 0x3C,
    0x3C, 0x3C, 0x3C, 0x3C, 0x00, 0x70, 0x00, 0x70, 0x00, 0x70, 0x00, 0x70, 0x00, 0x70, 0x00, 0x70, 0x00, 0x70, 0x00, 0x70, 0x00, 0x70, 0x00, 0x70,
    0x00, 0x70, 0x00, 0x70, 0xF0, 0x70, 0x70, 0xF0, 0x78, 0xF0, 0x7F, 0xF0, 0x7F, 0xE0, 0x3F, 0xE0, 0x0F, 0x80, 0x3C, 0x07, 0xC0, 0x3C, 0x0F, 0x80,
    0x3C, 0x1F, 0x00, 0x3C, 0x3E, 0x00, 0x3C, 0x7C, 0x00, 0x3C, 0xF8, 0x00, 0x3D, 0xF0, 0x00, 0x3F, 0xF0, 0x00, 0x3F, 0xF0, 0x00, 0x3F, 0xF8, 0x00,
    0x3F, 0xF8, 0x00, 0x3F, 0x7C, 0x00, 0x3E, 0x3E, 0x00, 0x3C, 0x1E, 0x00, 0x3C, 0x1F, 0x00, 0x3C, 0x0F, 0x00, 0x3C, 0x0F, 0x80, 0x3C, 0x07, 0xC0,
    0x3C, 0x03, 0xC0, 0x3C, 0x00, 0x3C, 0x00, 0x3C, 0x00, 0x3C, 0x00, 0x3C, 0x00, 0x3C, 0x00, 0x3C, 0x00, 0x3C, 0x00, 0x3C, 0x00, 0x3C, 0x00, 0x3C,
    0x00, 0x3C, 0x00, 0x3C, 0x00, 0x3C, 0x00, 0x3C, 0x00, 0x3F, 0xFE, 0x3F, 0xFE, 0x3F, 0xFE, 0x3F, 0xFE, 0x3F, 0x03, 0xF0, 0x3F, 0x03, 0xF0, 0x3F,
    0x03, 0xF0, 0x3F, 0x07, 0xF0, 0x3F, 0x87, 0xF0, 0x3F, 0x87, 0xF0, 0x3B, 0x87, 0xF0, 0x3B, 0x8E, 0xF0, 0x3B, 0xCE, 0xF0, 0x39, 0xCE, 0xF0, 0x39,
    0xDE, 0xF0, 0x39, 0xDC, 0xF0, 0x39, 0xFC, 0xF0, 0x38, 0xFC, 0xF0, 0x38, 0xFC, 0xF0, 0x38, 0xF8, 0xF0, 0x38, 0xF8, 0xF0, 0x38, 0x78, 0xF0, 0x38,
    0x78, 0xF0, 0x3C, 0x07, 0x80, 0x3E, 0x07, 0x80, 0x3E, 0x07, 0x80, 0x3F, 0x07, 0x80, 0x3F, 0x07, 0x80, 0x3F, 0x87, 0x80, 0x3F, 0xC7, 0x80, 0x3F,
    0xC7, 0x80, 0x3B, 0xE7, 0x80, 0x39, 0xF7, 0x80, 0x38, 0xF7, 0x80, 0x38, 0xFF, 0x80, 0x38, 0x7F, 0x80, 0x38, 0x7F, 0x80, 0x38, 0x3F, 0x80, 0x38,
    0x1F, 0x80, 0x38, 0x1F, 0x80, 0x38, 0x0F, 0x80, 0x38, 0x07, 0x80, 0x01, 0xF8, 0x00, 0x07, 0xFE, 0x00, 0x0F, 0xFF, 0x80, 0x1F, 0xFF, 0x80, 0x3F,
    0x07, 0xC0, 0x3C, 0x03, 0xE0, 0x7C, 0x01, 0xE0, 0x78, 0x01, 0xE0, 0x78, 0x01, 0xE0, 0x78, 0x01, 0xE0, 0x78, 0x01, 0xE0, 0x78, 0x01, 0xE0, 0x7C,
    0x01, 0xE0, 0x3C, 0x03, 0xE0, 0x3F, 0x07, 0xC0, 0x1F, 0xFF, 0x80, 0x0F, 0xFF, 0x80, 0x07, 0xFE, 0x00, 0x01, 0xF8, 0x00, 0x3F, 0xF8, 0x00, 0x3F,
    0xFC, 0x00, 0x3F, 0xFE, 0x00, 0x3F, 0xFF, 0x00, 0x3C, 0x1F, 0x00, 0x3C, 0x0F, 0x00, 0x3C, 0x0F, 0x00, 0x3C, 0x1F, 0x00, 0x3F, 0xFF, 0x00, 0x3F,
    0xFE, 0x00, 0x3F, 0xFC, 0x00, 0x3F, 0xF8, 0x00, 0x3C, 0x00, 0x00, 0x3C, 0x00, 0x00, 0x3C, 0x00, 0x00, 0x3C, 0x00, 0x00, 0x3C, 0x00, 0x00, 0x3C,
    0x00, 0x00, 0x3C, 0x00, 0x00, 0x01, 0xF8, 0x00, 0x07, 0xFE, 0x00, 0x0F, 0xFF, 0x80, 0x1F, 0xFF, 0x80, 0x3F, 0x07, 0xC0, 0x3C, 0x03, 0xE0, 0x7C,
    0x01, 0xE0, 0x78, 0x01, 0xE0, 0x78, 0x01, 0xE0, 0x78, 0x01, 0xE0, 0x78, 0x01, 0xE0, 0x78, 0x01, 0xE0, 0x7C, 0x31, 0xE0, 0x3C, 0x3F, 0xE0, 0x3F,
    0x1F, 0xC0, 0x1F, 0xFF, 0xC0, 0x0F, 0xFF, 0x80, 0x07, 0xFF, 0xE0, 0x01, 0xF9, 0xF0, 0x00, 0x00, 0xE0, 0x00, 0x00, 0x20, 0x3F, 0xFC, 0x00, 0x3F,
    0xFE, 0x00, 0x3F, 0xFF, 0x00, 0x3F, 0xFF, 0x80, 0x3C, 0x0F, 0x80, 0x3C, 0x07, 0x80, 0x3C, 0x07, 0x80, 0x3C, 0x0F, 0x80, 0x3F, 0xFF, 0x80, 0x3F,
    0xFF, 0x00, 0x3F, 0xFE, 0x00, 0x3F, 0xF8, 0x00, 0x3C, 0x7C, 0x00, 0x3C, 0x3E, 0x00, 0x3C, 0x1F, 0x00, 0x3C, 0x0F, 0x00, 0x3C, 0x0F, 0x80, 0x3C,
    0x07, 0xC0, 0x3C, 0x03, 0xC0, 0x07, 0xF0, 0x00, 0x1F, 0xFC, 0x00, 0x3F, 0xFE, 0x00, 0x3C, 0x1E, 0x00, 0x38, 0x0E, 0x00, 0x3C, 0x00, 0x00, 0x3F,
    0x00, 0x00, 0x3F, 0xC0, 0x00, 0x1F, 0xF8, 0x00, 0x0F, 0xFC, 0x00, 0x03, 0xFE, 0x00, 0x00, 0x7F, 0x00, 0x00, 0x0F, 0x00, 0x78, 0x0F, 0x00, 0x78,
    0x0F, 0x00, 0x3C, 0x1F, 0x00, 0x3F, 0xFE, 0x00, 0x1F, 0xFC, 0x00, 0x07, 0xF0, 0x00, 0x7F, 0xFE, 0x7F, 0xFE, 0x7F, 0xFE, 0x7F, 0xFE, 0x03, 0xC0,
    0x03, 0xC0, 0x03, 0xC0, 0x03, 0xC0, 0x03, 0xC0, 0x03, 0xC0, 0x03, 0xC0, 0x03, 0xC0, 0x03, 0xC0, 0x03, 0xC0, 0x03, 0xC0, 0x03, 0xC0, 0x03, 0xC0,
    0x03, 0xC0, 0x03, 0xC0, 0x3C, 0x07, 0x80, 0x3C, 0x07, 0x80, 0x3C, 0x07, 0x80, 0x3C, 0x07, 0x80, 0x3C, 0x07, 0x80, 0x3C, 0x07, 0x80, 0x3C, 0x07,
    0x80, 0x3C, 0x07, 0x80, 0x3C, 0x07, 0x80, 0x3C, 0x07, 0x80, 0x3C, 0x07, 0x80, 0x3C, 0x07, 0x80, 0x3C, 0x07, 0x80, 0x3C, 0x07, 0x80, 0x3E, 0x0F,
    0x00, 0x1F, 0xFF, 0x00, 0x1F, 0xFF, 0x00, 0x0F, 0xFE, 0x00, 0x03, 0xF8, 0x00, 0x78, 0x03, 0xC0, 0x3C, 0x03, 0xC0, 0x3C, 0x03, 0x80, 0x3C, 0x07,
    0x80, 0x1E, 0x07, 0x80, 0x1E, 0x07, 0x00, 0x1E, 0x0F, 0x00, 0x0F, 0x0F, 0x00, 0x0F, 0x0E, 0x00, 0x0F, 0x1E, 0x00, 0x07, 0x9E, 0x00, 0x07, 0x9C,
    0x00, 0x07, 0xBC, 0x00, 0x03, 0xFC, 0x00, 0x03, 0xF8, 0x00, 0x03, 0xF8, 0x00, 0x01, 0xF8, 0x00, 0x01, 0xF0, 0x00, 0x01, 0xF0, 0x00, 0xF0, 0x3E,
    0x07, 0x00, 0xF0, 0x3E, 0x0F, 0x00, 0x70, 0x7E, 0x0F, 0x00, 0x78, 0x7E, 0x0F, 0x00, 0x78, 0x7F, 0x0E, 0x00, 0x78, 0x7F, 0x0E, 0x00, 0x38, 0xF7,
    0x1E, 0x00, 0x3C, 0xF7, 0x1E, 0x00, 0x3C, 0xE7, 0x9C, 0x00, 0x3C, 0xE3, 0x9C, 0x00, 0x1D, 0xE3, 0xBC, 0x00, 0x1D, 0xE3, 0xBC, 0x00, 0x1F, 0xC3,
    0xFC, 0x00, 0x1F, 0xC1, 0xF8, 0x00, 0x1F, 0xC1, 0xF8, 0x00, 0x0F, 0xC1, 0xF8, 0x00, 0x0F, 0x81, 0xF8, 0x00, 0x0F, 0x80, 0xF0, 0x00, 0x0F, 0x80,
    0xF0, 0x00, 0x78, 0x0F, 0x00, 0x3C, 0x1F, 0x00, 0x3E, 0x1E, 0x00, 0x1E, 0x3C, 0x00, 0x1F, 0x7C, 0x00, 0x0F, 0xF8, 0x00, 0x07, 0xF8, 0x00, 0x07,
    0xF0, 0x00, 0x03, 0xE0, 0x00, 0x03, 0xE0, 0x00, 0x03, 0xF0, 0x00, 0x07, 0xF0, 0x00, 0x0F, 0xF8, 0x00, 0x0F, 0x7C, 0x00, 0x1E, 0x3C, 0x00, 0x3E,
    0x1E, 0x00, 0x3C, 0x1F, 0x00, 0x78, 0x0F, 0x00, 0xF8, 0x0F, 0x80, 0x7C, 0x03, 0xC0, 0x3C, 0x07, 0x80, 0x1E, 0x07, 0x80, 0x1E, 0x0F, 0x00, 0x0F,
    0x1F, 0x00, 0x0F, 0x9E, 0x00, 0x07, 0xBC, 0x00, 0x03, 0xFC, 0x00, 0x03, 0xF8, 0x00, 0x01, 0xF0, 0x00, 0x01, 0xF0, 0x00, 0x00, 0xF0, 0x00, 0x00,
    0xF0, 0x00, 0x00, 0xF0, 0x00, 0x00, 0xF0, 0x00, 0x00, 0xF0, 0x00, 0x00, 0xF0, 0x00, 0x00, 0xF0, 0x00, 0x00, 0xF0, 0x00, 0x7F, 0xFE, 0x7F, 0xFE,
    0x7F, 0xFE, 0x7F, 0xFE, 0x00, 0x3C, 0x00, 0x78, 0x00, 0xF0, 0x01, 0xE0, 0x03, 0xC0, 0x03, 0x80, 0x07, 0x80, 0x0F, 0x00, 0x1E, 0x00, 0x3C, 0x00,
    0x38, 0x00, 0x7F, 0xFE, 0xFF, 0xFE, 0xFF, 0xFE, 0xFF, 0xFE, 0x3F, 0x00, 0x3F, 0x00, 0x3F, 0x00, 0x3F, 0x00, 0x38, 0x00, 0x38, 0x00, 0x38, 0x00,
    0x38, 0x00, 0x38, 0x00, 0x38, 0x00, 0x38, 0x00, 0x38, 0x00, 0x38, 0x00, 0x38, 0x00, 0x38, 0x00, 0x38, 0x00, 0x38, 0x00, 0x38, 0x00, 0x38, 0x00,
    0x38, 0x00, 0x3F, 0x00, 0x3F, 0x00, 0x3F, 0x00, 0x3F, 0x00, 0x70, 0x00, 0x70, 0x00, 0x30, 0x00, 0x30, 0x00, 0x38, 0x00, 0x38, 0x00, 0x18, 0x00,
    0x18, 0x00, 0x1C, 0x00, 0x1C, 0x00, 0x0C, 0x00, 0x0C, 0x00, 0x0E, 0x00, 0x0E, 0x00, 0x0E, 0x00, 0x06, 0x00, 0x07, 0x00, 0x07, 0x00, 0x07, 0x00,
    0xFE, 0x00, 0xFE, 0x00, 0xFE, 0x00, 0xFE, 0x00, 0x1E, 0x00, 0x1E, 0x00, 0x1E, 0x00, 0x1E, 0x00, 0x1E, 0x00, 0x1E, 0x00, 0x1E, 0x00, 0x1E, 0x00,
    0x1E, 0x00, 0x1E, 0x00, 0x1E, 0x00, 0x1E, 0x00, 0x1E, 0x00, 0x1E, 0x00, 0x1E, 0x00, 0x1E, 0x00, 0xFE, 0x00, 0xFE, 0x00, 0xFE, 0x00, 0xFE, 0x00,
    0x03, 0x80, 0x03, 0xC0, 0x07, 0xC0, 0x07, 0xE0, 0x0E, 0xE0, 0x0E, 0xF0, 0x1E, 0x70, 0x1C, 0x78, 0x3C, 0x78, 0x38, 0x38, 0x00, 0x00, 0x00, 0x00,
    0x00, 0x00, 0x00, 0x00, 0x00, 0x00, 0x00, 0x00, 0x00, 0x00, 0x00, 0x00, 0x00, 0x00, 0x00, 0x00, 0x00, 0x00, 0x7F, 0xFF, 0x7F, 0xFF, 0x7F, 0xFF,
    0x78, 0x00, 0x38, 0x00, 0x1C, 0x00, 0x0C, 0x00, 0x00, 0x00, 0x00, 0x00, 0x00, 0x00, 0x00, 0x00, 0x00, 0x00, 0x00, 0x00, 0x00, 0x00, 0x00, 0x00,
    0x00, 0x00, 0x00, 0x00, 0x00, 0x00, 0x00, 0x00, 0x00, 0x00, 0x00, 0x00, 0x00, 0x00, 0x0F, 0xC0, 0x1F, 0xF0, 0x38, 0x70, 0x78, 0x78, 0x00, 0x78,
    0x00, 0xF8, 0x0F, 0xF8, 0x3F, 0x78, 0x78, 0x78, 0x78, 0x78, 0x78, 0x78, 0x78, 0xF8, 0x3F, 0xF8, 0x1F, 0x38, 0x38, 0x00, 0x38, 0x00, 0x38, 0x00,
    0x38, 0x00, 0x38, 0x00, 0x39, 0xE0, 0x3F, 0xF8, 0x3F, 0xFC, 0x3E, 0x3C, 0x3C, 0x1E, 0x38, 0x1E, 0x38, 0x1E, 0x38, 0x1E, 0x38, 0x1E, 0x3C, 0x1E,
    0x3E, 0x3C, 0x3F, 0xFC, 0x3F, 0xF8, 0x39, 0xE0, 0x07, 0xC0, 0x1F, 0xF0, 0x3F, 0xF8, 0x3C, 0x78, 0x78, 0x30, 0x78, 0x00, 0x78, 0x00, 0x78, 0x00,
    0x78, 0x00, 0x78, 0x30, 0x3C, 0x7C, 0x3F, 0xF8, 0x1F, 0xF0, 0x07, 0xE0, 0x00, 0x1C, 0x00, 0x1C, 0x00, 0x1C, 0x00, 0x1C, 0x00, 0x1C, 0x0F, 0x9C,
    0x1F, 0xFC, 0x3F, 0xFC, 0x3C, 0x7C, 0x78, 0x3C, 0x78, 0x1C, 0x78, 0x1C, 0x78, 0x1C, 0x78, 0x3C, 0x78, 0x3C, 0x3C, 0x7C, 0x3F, 0xFC, 0x1F, 0xFC,
    0x07, 0x9C, 0x07, 0xC0, 0x1F, 0xE0, 0x3F, 0xF0, 0x3C, 0x78, 0x78, 0x38, 0x78, 0x38, 0x7F, 0xF8, 0x7F, 0xF8, 0x78, 0x00, 0x78, 0x00, 0x7C, 0x60,
    0x3F, 0xF8, 0x1F, 0xF0, 0x07, 0xC0, 0x0F, 0x80, 0x1F, 0x80, 0x3F, 0x80, 0x3C, 0x00, 0x3C, 0x00, 0xFF, 0x80, 0xFF, 0x80, 0xFF, 0x80, 0x3C, 0x00,
    0x3C, 0x00, 0x3C, 0x00, 0x3C, 0x00, 0x3C, 0x00, 0x3C, 0x00, 0x3C, 0x00, 0x3C, 0x00, 0x3C, 0x00, 0x3C, 0x00, 0x3C, 0x00, 0x07, 0x9C, 0x1F, 0xDC,
    0x3F, 0xFC, 0x3C, 0x7C, 0x78, 0x3C, 0x78, 0x1C, 0x78, 0x1C, 0x78, 0x1C, 0x78, 0x1C, 0x78, 0x3C, 0x3C, 0x7C, 0x3F, 0xFC, 0x1F, 0xDC, 0x0F, 0x9C,
    0x00, 0x1C, 0x30, 0x3C, 0x3F, 0xF8, 0x3F, 0xF8, 0x0F, 0xE0, 0x38, 0x00, 0x38, 0x00, 0x38, 0x00, 0x38, 0x00, 0x38, 0x00, 0x38, 0xF0, 0x3B, 0xF8,
    0x3F, 0xFC, 0x3E, 0x3C, 0x3C, 0x3C, 0x3C, 0x1C, 0x38, 0x1C, 0x38, 0x1C, 0x38, 0x1C, 0x38, 0x1C, 0x38, 0x1C, 0x38, 0x1C, 0x38, 0x1C, 0x38, 0x1C,
    0x38, 0x38, 0x38, 0x00, 0x00, 0x38, 0x38, 0x38, 0x38, 0x38, 0x38, 0x38, 0x38, 0x38, 0x38, 0x38, 0x38, 0x38, 0x38, 0x0E, 0x00, 0x0E, 0x00, 0x0E,
    0x00, 0x00, 0x00, 0x00, 0x00, 0x0E, 0x00, 0x0E, 0x00, 0x0E, 0x00, 0x0E, 0x00, 0x0E, 0x00, 0x0E, 0x00, 0x0E, 0x00, 0x0E, 0x00, 0x0E, 0x00, 0x0E,
    0x00, 0x0E, 0x00, 0x0E, 0x00, 0x0E, 0x00, 0x0E, 0x00, 0x0E, 0x00, 0x1E, 0x00, 0x7E, 0x00, 0x7E, 0x00, 0x78, 0x00, 0x38, 0x00, 0x38, 0x00, 0x38,
    0x00, 0x38, 0x00, 0x38, 0x00, 0x38, 0x78, 0x38, 0xF8, 0x39, 0xF0, 0x39, 0xE0, 0x3F, 0xC0, 0x3F, 0x80, 0x3F, 0xC0, 0x3F, 0xE0, 0x3D, 0xE0, 0x38,
    0xF0, 0x38, 0xF0, 0x38, 0x78, 0x38, 0x38, 0x38, 0x3C, 0x38, 0x38, 0x38, 0x38, 0x38, 0x38, 0x38, 0x38, 0x38, 0x38, 0x38, 0x38, 0x38, 0x38, 0x38,
    0x38, 0x38, 0x38, 0x38, 0x39, 0xE1, 0xE0, 0x3F, 0xF3, 0xF0, 0x3F, 0xFF, 0xF8, 0x3C, 0x7E, 0x78, 0x3C, 0x3C, 0x38, 0x38, 0x38, 0x38, 0x38, 0x38,
    0x38, 0x38, 0x38, 0x38, 0x38, 0x38, 0x38, 0x38, 0x38, 0x38, 0x38, 0x38, 0x38, 0x38, 0x38, 0x38, 0x38, 0x38, 0x38, 0x38, 0x38, 0x38, 0x39, 0xF0,
    0x3B, 0xF8, 0x3F, 0xFC, 0x3E, 0x3C, 0x3C, 0x3C, 0x3C, 0x1C, 0x38, 0x1C, 0x38, 0x1C, 0x38, 0x1C, 0x38, 0x1C, 0x38, 0x1C, 0x38, 0x1C, 0x38, 0x1C,
    0x38, 0x1C, 0x07, 0xE0, 0x0F, 0xF0, 0x1F, 0xF8, 0x3C, 0x3C, 0x78, 0x1E, 0x78, 0x1E, 0x78, 0x1E, 0x78, 0x1E, 0x78, 0x1E, 0x78, 0x1E, 0x3C, 0x3C,
    0x1F, 0xF8, 0x0F, 0xF0, 0x07, 0xE0, 0x39, 0xE0, 0x3F, 0xF8, 0x3F, 0xFC, 0x3E, 0x3C, 0x3C, 0x1E, 0x38, 0x1E, 0x38, 0x1E, 0x38, 0x1E, 0x38, 0x1E,
    0x3C, 0x1E, 0x3E, 0x3C, 0x3F, 0xFC, 0x3F, 0xF8, 0x39, 0xE0, 0x38, 0x00, 0x38, 0x00, 0x38, 0x00, 0x38, 0x00, 0x38, 0x00, 0x07, 0x9C, 0x1F, 0xFC,
    0x3F, 0xFC, 0x3C, 0x7C, 0x78, 0x3C, 0x78, 0x1C, 0x78, 0x1C, 0x78, 0x1C, 0x78, 0x1C, 0x38, 0x3C, 0x3C, 0x7C, 0x3F, 0xFC, 0x1F, 0xFC, 0x07, 0x9C,
    0x00, 0x1C, 0x00, 0x1C, 0x00, 0x1C, 0x00, 0x1C, 0x00, 0x1C, 0x3B, 0xC0, 0x3F, 0xC0, 0x3F, 0xC0, 0x3C, 0x00, 0x3C, 0x00, 0x38, 0x00, 0x38, 0x00,
    0x38, 0x00, 0x38, 0x00, 0x38, 0x00, 0x38, 0x00, 0x38, 0x00, 0x38, 0x00, 0x38, 0x00, 0x0F, 0xC0, 0x3F, 0xF0, 0x7F, 0xF0, 0x78, 0x60, 0x78, 0x00,
    0x7C, 0x00, 0x3F, 0xC0, 0x0F, 0xF0, 0x01, 0xF8, 0x00, 0x38, 0x38, 0x78, 0x7F, 0xF8, 0x3F, 0xF0, 0x1F, 0xC0, 0x04, 0x00, 0x1C, 0x00, 0x3C, 0x00,
    0x3C, 0x00, 0x3C, 0x00, 0xFF, 0x00, 0xFF, 0x00, 0xFF, 0x00, 0x3C, 0x00, 0x3C, 0x00, 0x3C, 0x00, 0x3C, 0x00, 0x3C, 0x00, 0x3C, 0x00, 0x3C, 0x00,
    0x3C, 0x00, 0x3F, 0x00, 0x3F, 0x00, 0x1F, 0x00, 0x38, 0x3C, 0x38, 0x3C, 0x38, 0x3C, 0x38, 0x3C, 0x38, 0x3C, 0x38, 0x3C, 0x38, 0x3C, 0x38, 0x3C,
    0x38, 0x3C, 0x3C, 0x3C, 0x3C, 0x7C, 0x3F, 0xFC, 0x1F, 0xFC, 0x0F, 0x9C, 0xF0, 0x3C, 0x70, 0x3C, 0x78, 0x38, 0x38, 0x78, 0x38, 0x70, 0x3C, 0xF0,
    0x1C, 0xF0, 0x1E, 0xE0, 0x1F, 0xE0, 0x0F, 0xC0, 0x0F, 0xC0, 0x07, 0xC0, 0x07, 0x80, 0x07, 0x80, 0xF0, 0xF0, 0x70, 0x70, 0xF0, 0xF0, 0x70, 0xF0,
    0xE0, 0x78, 0xF8, 0xE0, 0x79, 0xF9, 0xE0, 0x39, 0xF9, 0xE0, 0x39, 0xD9, 0xC0, 0x3D, 0x9D, 0xC0, 0x1F, 0x9F, 0xC0, 0x1F, 0x9F, 0x80, 0x1F, 0x8F,
    0x80, 0x0F, 0x0F, 0x80, 0x0F, 0x0F, 0x00, 0x0F, 0x0F, 0x00, 0x78, 0x78, 0x7C, 0x78, 0x3C, 0xF0, 0x1F, 0xE0, 0x1F, 0xE0, 0x0F, 0xC0, 0x07, 0x80,
    0x07, 0xC0, 0x0F, 0xC0, 0x1F, 0xE0, 0x1E, 0xF0, 0x3C, 0xF8, 0x78, 0x78, 0xF8, 0x3C, 0xF0, 0x3C, 0x70, 0x3C, 0x78, 0x38, 0x78, 0x78, 0x38, 0x70,
    0x3C, 0x70, 0x1C, 0xF0, 0x1C, 0xE0, 0x1E, 0xE0, 0x0F, 0xE0, 0x0F, 0xC0, 0x0F, 0xC0, 0x07, 0xC0, 0x07, 0x80, 0x07, 0x80, 0x0F, 0x00, 0x7F, 0x00,
    0x7E, 0x00, 0x7C, 0x00, 0x7F, 0xF0, 0x7F, 0xF0, 0x7F, 0xF0, 0x01, 0xF0, 0x03, 0xE0, 0x07, 0xC0, 0x0F, 0x80, 0x1F, 0x00, 0x1E, 0x00, 0x3C, 0x00,
    0x7C, 0x00, 0xFF, 0xF0, 0xFF, 0xF0, 0xFF, 0xF0, 0x03, 0x80, 0x0F, 0x80, 0x0F, 0x80, 0x0E, 0x00, 0x0E, 0x00, 0x0E, 0x00, 0x0E, 0x00, 0x1E, 0x00,
    0x1E, 0x00, 0x3C, 0x00, 0x7C, 0x00, 0x78, 0x00, 0x7C, 0x00, 0x3C, 0x00, 0x1E, 0x00, 0x1E, 0x00, 0x0E, 0x00, 0x0E, 0x00, 0x0E, 0x00, 0x0E, 0x00,
    0x0E, 0x00, 0x0F, 0x80, 0x0F, 0x80, 0x03, 0x80, 0x38, 0x38, 0x38, 0x38, 0x38, 0x38, 0x38, 0x38, 0x38, 0x38, 0x38, 0x38, 0x38, 0x38, 0x38, 0x38,
    0x38, 0x38, 0x38, 0x38, 0x38, 0x38, 0x38, 0x38, 0x70, 0x00, 0x7C, 0x00, 0x7C, 0x00, 0x1C, 0x00, 0x1C, 0x00, 0x1C, 0x00, 0x1C, 0x00, 0x1E, 0x00,
    0x1E, 0x00, 0x0F, 0x00, 0x0F, 0x80, 0x07, 0x80, 0x0F, 0x80, 0x0F, 0x00, 0x1E, 0x00, 0x1E, 0x00, 0x1C, 0x00, 0x1C, 0x00, 0x1C, 0x00, 0x1C, 0x00,
    0x1C, 0x00, 0x7C, 0x00, 0x7C, 0x00, 0x70, 0x00, 0x1E, 0x00, 0x7F, 0x84, 0x7F, 0xFC, 0x7F, 0xFC, 0x63, 0xFC, 0x00, 0xF0, 0x00, 0x00, 0x00, 0x00,
    0x00, 0x00, 0x00, 0x00, 0x00, 0x00, 0x00, 0x00, 0x00, 0x00, 0x07, 0x38, 0x00, 0x07, 0x38, 0x00, 0x07, 0x38, 0x00, 0x00, 0x00, 0x00, 0x01, 0xE0,
    0x00, 0x01, 0xF0, 0x00, 0x03, 0xF0, 0x00, 0x03, 0xF8, 0x00, 0x03, 0xF8, 0x00, 0x07, 0xB8, 0x00, 0x07, 0x3C, 0x00, 0x0F, 0x3C, 0x00, 0x0F, 0x1E,
    0x00, 0x0E, 0x1E, 0x00, 0x1E, 0x1E, 0x00, 0x1E, 0x0F, 0x00, 0x3F, 0xFF, 0x00, 0x3F, 0xFF, 0x80, 0x3F, 0xFF, 0x80, 0x78, 0x07, 0x80, 0x78, 0x03,
    0xC0, 0x78, 0x03, 0xC0, 0xF0, 0x03, 0xC0, 0x03, 0x9C, 0x00, 0x03, 0x9C, 0x00, 0x03, 0x9C, 0x00, 0x00, 0x00, 0x00, 0x01, 0xF8, 0x00, 0x07, 0xFE,
    0x00, 0x0F, 0xFF, 0x80, 0x1F, 0xFF, 0x80, 0x3F, 0x07, 0xC0, 0x3C, 0x03, 0xE0, 0x7C, 0x01, 0xE0, 0x78, 0x01, 0xE0, 0x78, 0x01, 0xE0, 0x78, 0x01,
    0xE0, 0x78, 0x01, 0xE0, 0x78, 0x01, 0xE0, 0x7C, 0x01, 0xE0, 0x3C, 0x03, 0xE0, 0x3F, 0x07, 0xC0, 0x1F, 0xFF, 0x80, 0x0F, 0xFF, 0x80, 0x07, 0xFE,
    0x00, 0x01, 0xF8, 0x00, 0x07, 0x1C, 0x00, 0x07, 0x1C, 0x00, 0x07, 0x1C, 0x00, 0x00, 0x00, 0x00, 0x3C, 0x07, 0x80, 0x3C, 0x07, 0x80, 0x3C, 0x07,
    0x80, 0x3C, 0x07, 0x80, 0x3C, 0x07, 0x80, 0x3C, 0x07, 0x80, 0x3C, 0x07, 0x80, 0x3C, 0x07, 0x80, 0x3C, 0x07, 0x80, 0x3C, 0x07, 0x80, 0x3C, 0x07,
    0x80, 0x3C, 0x07, 0x80, 0x3C, 0x07, 0x80, 0x3C, 0x07, 0x80, 0x3E, 0x0F, 0x00, 0x1F, 0xFF, 0x00, 0x1F, 0xFF, 0x00, 0x0F, 0xFE, 0x00, 0x03, 0xF8,
    0x00, 0x1C, 0xF0, 0x1C, 0xF0, 0x1C, 0xF0, 0x00, 0x00, 0x0F, 0xC0, 0x1F, 0xF0, 0x38, 0x70, 0x78, 0x78, 0x00, 0x78, 0x00, 0xF8, 0x0F, 0xF8, 0x3F,
    0x78, 0x78, 0x78, 0x78, 0x78, 0x78, 0x78, 0x78, 0xF8, 0x3F, 0xF8, 0x1F, 0x38, 0x0E, 0x70, 0x0E, 0x70, 0x0E, 0x70, 0x00, 0x00, 0x07, 0xE0, 0x0F,
    0xF0, 0x1F, 0xF8, 0x3C, 0x3C, 0x78, 0x1E, 0x78, 0x1E, 0x78, 0x1E, 0x78, 0x1E, 0x78, 0x1E, 0x78, 0x1E, 0x3C, 0x3C, 0x1F, 0xF8, 0x0F, 0xF0, 0x07,
    0xE0, 0x0E, 0x70, 0x0E, 0x70, 0x0E, 0x70, 0x00, 0x00, 0x38, 0x3C, 0x38, 0x3C, 0x38, 0x3C, 0x38, 0x3C, 0x38, 0x3C, 0x38, 0x3C, 0x38, 0x3C, 0x38,
    0x3C, 0x38, 0x3C, 0x3C, 0x3C, 0x3C, 0x7C, 0x3F, 0xFC, 0x1F, 0xFC, 0x0F, 0x9C, 0x07, 0xC0, 0x1F, 0xF0, 0x3F, 0xF0, 0x3C, 0xF0, 0x38, 0x70, 0x38,
    0xF0, 0x38, 0xF0, 0x38, 0xE0, 0x39, 0xE0, 0x39, 0xF0, 0x38, 0xF8, 0x38, 0x7C, 0x38, 0x3C, 0x38, 0x1E, 0x38, 0x1E, 0x38, 0x9E, 0x39, 0xFE, 0x39,
    0xFC, 0x38, 0x78, 0x1E, 0x00, 0x3F, 0x00, 0x73, 0x80, 0x61, 0x80, 0x61, 0x80, 0x73, 0x80, 0x3F, 0x00, 0x1E, 0x00, 0x00, 0x00, 0x00, 0x00, 0x00,
    0x00, 0x00, 0x00, 0x00, 0x00, 0x00, 0x00, 0x00, 0x00, 0x00, 0x00, 0x00, 0x00, 0x00, 0x00, 0x00, 0x00, 0x1C, 0x00, 0x1C, 0x00, 0x1C, 0x00, 0x1C,
    0x00, 0x00, 0x00, 0x00, 0x00, 0x00, 0x00, 0x00, 0x00, 0x00, 0x00, 0x00, 0x00, 0x00, 0x00, 0x7F, 0xFE, 0x7F, 0xFE, 0x7F, 0xFE, 0x00, 0x00, 0x00,
    0x00, 0x00, 0x00, 0x00, 0x00, 0x00, 0x00, 0x1C, 0x1E, 0x0E, 0x00, 0x1C, 0x1E, 0x0E, 0x00, 0x1C, 0x1E, 0x0E, 0x00, 0x1C, 0x1E, 0x0E, 0x00,
};
static const FontGlyph FONT_S_GLYPHS[] = {
    {32, 7, 0, 0, 24, 7, 0},
    {33, 9, 19, 0, 5, 9, 0},
    {34, 12, 19, 0, 5, 12, 38},
    {35, 15, 19, 0, 5, 14, 76},
    {36, 14, 22, 0, 4, 14, 114},
    {37, 23, 20, 0, 5, 23, 158},
    {38, 19, 19, 0, 5, 19, 218},
    {39, 6, 19, 0, 5, 6, 275},
    {40, 9, 24, 0, 5, 9, 294},
    {41, 9, 24, 0, 5, 9, 342},
    {42, 10, 19, 0, 5, 10, 390},
    {43, 15, 17, 0, 7, 15, 428},
    {44, 7, 8, 0, 20, 7, 462},
    {45, 9, 9, 0, 15, 9, 470},
    {46, 7, 4, 0, 20, 7, 488},
    {47, 9, 19, -1, 5, 7, 492},
    {48, 14, 19, 0, 5, 14, 530},
    {49, 14, 19, 0, 5, 14, 568},
    {50, 14, 19, 0, 5, 14, 606},
    {51, 14, 19, 0, 5, 14, 644},
    {52, 14, 19, 0, 5, 14, 682},
    {53, 14, 19, 0, 5, 14, 720},
    {54, 14, 19, 0, 5, 14, 758},
    {55, 14, 19, 0, 5, 14, 796},
    {56, 14, 19, 0, 5, 14, 834},
    {57, 14, 19, 0, 5, 14, 872},
    {58, 9, 14, 0, 10, 9, 910},
    {59, 9, 18, 0, 10, 9, 938},
    {60, 15, 16, 0, 8, 15, 974},
    {61, 15, 14, 0, 10, 15, 1006},
    {62, 15, 16, 0, 8, 15, 1034},
    {63, 16, 19, 0, 5, 16, 1066},
    {64, 26, 25, 0, 5, 25, 1104},
    {65, 19, 19, 0, 5, 19, 1204},
    {66, 19, 19, 0, 5, 19, 1261},
    {67, 19, 19, 0, 5, 19, 1318},
    {68, 19, 19, 0, 5, 19, 1375},
    {69, 17, 19, 0, 5, 17, 1432},
    {70, 16, 19, 0, 5, 16, 1489},
    {71, 20, 19, 0, 5, 20, 1527},
    {72, 19, 19, 0, 5, 19, 1584},
    {73, 7, 19, 0, 5, 7, 1641},
    {74, 14, 19, 0, 5, 14, 1660},
    {75, 19, 19, 0, 5, 19, 1698},
    {76, 16, 19, 0, 5, 16, 1755},
    {77, 22, 19, 0, 5, 22, 1793},
    {78, 19, 19, 0, 5, 19, 1850},
    {79, 20, 19, 0, 5, 20, 1907},
    {80, 17, 19, 0, 5, 17, 1964},
    {81, 20, 21, 0, 5, 20, 2021},
    {82, 19, 19, 0, 5, 19, 2084},
    {83, 17, 19, 0, 5, 17, 2141},
    {84, 16, 19, 0, 5, 16, 2198},
    {85, 19, 19, 0, 5, 19, 2236},
    {86, 19, 19, -1, 5, 17, 2293},
    {87, 25, 19, 0, 5, 25, 2350},
    {88, 18, 19, 0, 5, 17, 2426},
    {89, 19, 19, -1, 5, 17, 2483},
    {90, 16, 19, 0, 5, 16, 2540},
    {91, 9, 24, 0, 5, 9, 2578},
    {92, 9, 19, -1, 5, 7, 2626},
    {93, 9, 24, 0, 5, 9, 2664},
    {94, 15, 19, 0, 5, 15, 2712},
    {95, 16, 5, -1, 24, 14, 2750},
    {96, 9, 19, 0, 5, 9, 2760},
    {97, 14, 14, 0, 10, 14, 2798},
    {98, 16, 19, 0, 5, 16, 2826},
    {99, 14, 14, 0, 10, 14, 2864},
    {100, 16, 19, 0, 5, 16, 2892},
    {101, 14, 14, 0, 10, 14, 2930},
    {102, 10, 19, 0, 5, 9, 2958},
    {103, 16, 19, 0, 10, 16, 2996},
    {104, 16, 19, 0, 5, 16, 3034},
    {105, 7, 19, 0, 5, 7, 3072},
    {106, 9, 24, -2, 5, 7, 3091},
    {107, 15, 19, 0, 5, 14, 3139},
    {108, 7, 19, 0, 5, 7, 3177},
    {109, 23, 14, 0, 10, 23, 3196},
    {110, 16, 14, 0, 10, 16, 3238},
    {111, 16, 14, 0, 10, 16, 3266},
    {112, 16, 19, 0, 10, 16, 3294},
    {113, 16, 19, 0, 10, 16, 3332},
    {114, 11, 14, 0, 10, 10, 3370},
    {115, 14, 14, 0, 10, 14, 3398},
    {116, 9, 19, 0, 5, 9, 3426},
    {117, 16, 14, 0, 10, 16, 3464},
    {118, 15, 14, 0, 10, 14, 3492},
    {119, 21, 14, 0, 10, 20, 3520},
    {120, 15, 14, 0, 10, 14, 3562},
    {121, 15, 19, 0, 10, 14, 3590},
    {122, 13, 14, 0, 10, 13, 3628},
    {123, 10, 24, 0, 5, 10, 3656},
    {124, 7, 24, 0, 5, 7, 3704},
    {125, 10, 24, 0, 5, 10, 3728},
    {126, 15, 13, 0, 11, 15, 3776},
    {196, 19, 23, 0, 1, 19, 3802},
    {214, 20, 23, 0, 1, 20, 3871},
    {220, 19, 23, 0, 1, 19, 3940},
    {228, 14, 18, 0, 6, 14, 4009},
    {246, 16, 18, 0, 6, 16, 4045},
    {252, 16, 18, 0, 6, 16, 4081},
    {223, 16, 19, 0, 5, 16, 4117},
    {176, 10, 19, 0, 5, 10, 4155},
    {183, 9, 11, 0, 13, 9, 4193},
    {8211, 16, 8, -1, 16, 14, 4215},
    {8230, 26, 4, 0, 20, 26, 4231},
};
static const BitmapFont FONT_S = {30, 24, 106, FONT_S_GLYPHS, FONT_S_BITS};
